Title,Author,Year,DOI,Phase Type,Description,Sample Type,Equation Form,Eq ID,Publication ID,Entry ID,Complete or Partial Fit,Composite or single,Pressure Average (Gpa),Pressure Min (Gpa),Pressure Max (Gpa),Temp Min(K),Temp Max(k),Water Min,Water Max,Water Average,water calibration,Water units,Iron Min,Iron Max,Iron Average,Iron units,fO2 buffers used,Crystal Direction,a,a_uncertainty,constant_description,b ,b_uncertainty,b_constant_description,c ,c_uncertainty,c_description,d,d_uncertainty,d_description,e,e_uncertainty,e_description,f,f_uncertainty,f_description,g,g_uncertainty,g_description,h,h_uncertainty,h_description,i,i_uncertainty,i_description,j,j_uncertainty,j_description,k,k_uncertainty,k_description,L,L_uncertainty,L_description,m,m_uncertainty,m_description,n,n_uncertainty,n_description,O,O_description,o_uncertainty,p,p_uncertainty,p_description
The electrical conductivity of upper-mantle rocks: water content in the upper mantle,"Duojun Wang, Heping Li, Li Yi, Baoping Shi",2008,10.1007/s00269-007-0207-1,Peridotite,"pyroxenite, lherzolite, dunite",natural whole rock,a (Cw)^b exp( -c/kt) exp(X_fe * d/kt),iron_water_arrhenious1,wang2008,Wang08_per,full fit,single,2.5,2,3,1273,1573,1.26,2.21,1.735,,wtpct,0.039,0.545,0.292,,Mo–MoO2 ,isotropic,5.2,0.4,preexp_log,0.67,0.07,exponent,1.897,0.0933,enthalpy,0.7255,0.031,enthalpy,,,,,,,,,,,,,,,,,,,,,,,,,,,,,,,,,,,,
Electrical conductivity of orthopyroxene and its high pressure phase,Yousheng Xu and Thomas J. Shankland,1999,10.1029/1999GL008378,orthopyroxene,orthopyroxene,synthetic,a exp(-b /kT),arrhenious_simple,xu1999,xu_1999_ortho,full fit,single,5,,,1273,1673,,,,,,,,,,Mo–MoO2 ,isotropic,3.72,0.06,preexp_log,1.8,0.2,enthalpy,,,,,,,,,,,,,,,,,,,,,,,,,,,,,,,,,,,,,,,,,,
Electrical conductivity of orthopyroxene and its high pressure phase,Yousheng Xu and Thomas J. Shankland,1999,10.1029/1999GL008378,clinopyroxene,clinopyroxene,synthetic,a exp(-b /kT),arrhenious_simple,xu1999,xu_1999_clino,full fit,single,13,,,1273,1673,,,,,,,,,,Mo–MoO2 ,isotropic,3.25,0.07,preexp_log,1.87,0.02,enthalpy,,,,,,,,,,,,,,,,,,,,,,,,,,,,,,,,,,,,,,,,,,
Electrical conductivity of orthopyroxene and its high pressure phase,Yousheng Xu and Thomas J. Shankland,1999,10.1029/1999GL008378,garnet,illmenite+garnet,synthetic,a exp(-b /kT),arrhenious_simple,xu1999,xu_1999_ill+gt,full fit,single,21,,,1473,1773,,,,,,,,,,Mo–MoO2 ,isotropic,3.35,0.1,preexp_log,1.66,0.3,enthalpy,,,,,,,,,,,,,,,,,,,,,,,,,,,,,,,,,,,,,,,,,,
Electrical conductivity of orthopyroxene and its high pressure phase,Yousheng Xu and Thomas J. Shankland,1999,10.1029/1999GL008378,pervoskite,pervoskite,synthetic,a exp(-b /kT),arrhenious_simple,xu1999,xu_1999_pv,full fit,single,25,,,1673,1873,,,,,,,,,,Mo–MoO2 ,isotropic,1.87,0.11,preexp_log,0.7,0.04,enthalpy,,,,,,,,,,,,,,,,,,,,,,,,,,,,,,,,,,,,,,,,,,
Electrical conductivity of diopside: Evidence for oxygen vacancies ,J.Stephen Huebner and Donald E. Voight,1988,0003-004x/88/ 1112-1235$02.00 ,clinopyroxene,diopside,natural single crystal,exp(a - b/kT + log(fo2^c)),arrhenious_log_fO2,HuebnerVoight1988,huebner88_dk7[100],full fit,composite,0.0001,,,1073,1473,,,,,,0.027,0.027,0.027,,Co-Co2 mixture,[100],1.434,0.202,const,2.154,0.016,enthalpy,-0.1776,0.0065,,,,,,,,,,,,,,,,,,,,,,,,,,,,,,,,,,,,,,,,
Electrical conductivity of diopside: Evidence for oxygen vacancies ,J.Stephen Huebner and Donald E. Voight,1988,0003-004x/88/ 1112-1235$02.00 ,clinopyroxene,diopside,natural single crystal,exp(a - b/kT + log(fo2^c)),arrhenious_log_fO2,HuebnerVoight1988,huebner88_dk7[010],full fit,composite,0.0001,,,1073,1473,,,,,,0.027,0.027,0.027,,Co-Co2 mixture,[010],0.885,0.15,const,2.018,0.047,enthalpy,-0.1223,0.0085,,,,,,,,,,,,,,,,,,,,,,,,,,,,,,,,,,,,,,,,
Electrical conductivity of diopside: Evidence for oxygen vacancies ,J.Stephen Huebner and Donald E. Voight,1988,0003-004x/88/ 1112-1235$02.00 ,clinopyroxene,diopside,natural single crystal,exp(a - b/kT + log(fo2^c)),arrhenious_log_fO2,HuebnerVoight1988,huebner88_dk7[001],full fit,composite,0.0001,,,1073,1473,,,,,,0.027,0.027,0.027,,Co-Co2 mixture,[001],1.583,0.101,const,2,0.033,enthalpy,-0.1456,0.0048,,,,,,,,,,,,,,,,,,,,,,,,,,,,,,,,,,,,,,,,
Electrical conductivity of diopside: Evidence for oxygen vacancies ,J.Stephen Huebner and Donald E. Voight,1988,0003-004x/88/ 1112-1235$02.00 ,clinopyroxene,diopside,natural single crystal,exp(a - b/kT + log(fo2^c)),arrhenious_log_fO2,HuebnerVoight1988,huebner88_mal[100],full fit,composite,0.0001,,,1123,1493,,,,,,0.127,0.127,0.127,,Co-Co2 mixture,[100],-0.89,0.184,const,0.922,0.052,enthalpy,-0.0326,0.0037,,,,,,,,,,,,,,,,,,,,,,,,,,,,,,,,,,,,,,,,
Electrical conductivity of diopside: Evidence for oxygen vacancies ,J.Stephen Huebner and Donald E. Voight,1988,0003-004x/88/ 1112-1235$02.00 ,clinopyroxene,diopside,natural single crystal,exp(a - b/kT + log(fo2^c)),arrhenious_log_fO2,HuebnerVoight1988,huebner88_mal[010],full fit,composite,0.0001,,,1123,1493,,,,,,0.127,0.127,0.127,,Co-Co2 mixture,[010],-0.252,0.11,const,1.046,0.04,enthalpy,-0.0184,0.0044,,,,,,,,,,,,,,,,,,,,,,,,,,,,,,,,,,,,,,,,
"Effect of temperature, pressure and iron content on the electrical conductivity of orthopyroxene","Baohua Zhang, Takashi Yoshino",2016,10.1007/s00410-016-1315-z,orthopyroxene,orthopyroxene,synthetic powders,a exp( -(b + c * P)/kT) + d*Xfe * exp( -(e + f* Xfe^1/3 + P( h + I Xfe)/kT),arrhenious_pressure+iron_preexp_enthalpy_arrhenious,ZhangYoshino2016,zhang_2016_opx,full fit,single,,1.5,5,900,1573,2,3,,,ppm,0,1,0.5,,NNO,isotropic,855610,39,preexp,2.51,0.02,enthalpy,4.15,0.71,volume,163,1,preexp,2.33,1,enthalpy,1.99,0.06,const,1.06,0.44,volume,0.12,0.76,const,,,,,,,,,,,,,,,,,,,,,,,,
Electrical conductivity of orthopyroxene: Implications for the water content of the asthenosphere,"Dai Lidong, Karato Shun-ichiro",2009,10.2183/pjab.85.466,orthopyroxene,orthopyroxene,single crystals,a exp( -b /kT)+c Cw^d exp( -e /kT),arrhenious_simple+water_exponent_arrhenious,DaiKarato2009a,DK_2009_opx,full fit,single,8,,,873,1273,0,0.042,,paterson,wtpct,,,0.1,,Mo-MoO2,isotropic,2.4,,preexp_log,1.524,,enthalpy,2.6,,preexp_log,0.62,,exponent,0.9107,,enthalpy,,,,,,,,,,,,,,,,,,,,,,,,,,,,,,,,,
Electrical conductivity of orthopyroxene: Implications for the water content of the asthenosphere,"Dai Lidong, Karato Shun-ichiro",2009,10.2183/pjab.85.466,olivine,olivine,polycrystalline  aggregates,a exp( -b /kT)+c Cw^d exp( -e /kT),arrhenious_simple+water_exponent_arrhenious,DaiKarato2009a,DK_2009_ol,full fit,single,8,,,873,1273,0,0.042,,paterson,wtpct,,,,,Mo-MoO2,isotropic,2.1,,preexp_log,1.596,,enthalpy,3.1,,preexp_log,0.62,,exponent,0.8499,,enthalpy,,,,,,,,,,,,,,,,,,,,,,,,,,,,,,,,,
Electrical conductivity of orthopyroxene: Implications for the water content of the asthenosphere,"Dai Lidong, Karato Shun-ichiro",2009,10.2183/pjab.85.466,garnet,pyrope,polycrystalline  aggregates,a exp( -b /kT)+c Cw^d exp( -e /kT),arrhenious_simple+water_exponent_arrhenious,DaiKarato2009a,DK_2009_gt,full fit,single,8,,,873,1273,0,0.042,,paterson,wtpct,,,,,Mo-MoO2,isotropic,2.5,,preexp_log,1.327,,enthalpy,2.9,,preexp_log,0.62,,exponent,0.7255,,enthalpy,,,,,,,,,,,,,,,,,,,,,,,,,,,,,,,,,
Electrical conductivity of orthopyroxene and plagioclase in the lower crust,"Xiaozhi Yang, Hans Keppler, Catherine McCammon, Huaiwei Ni",2011,10.1007/s00410-011-0657-9,orthopyroxene,lower crustal ortho,single crystals,a exp( -b /kT)+c Cw^d exp( -e /kT),arrhenious_simple+water_exponent_arrhenious,Yang2012a,Yang_12a_opx,full fit,single,,0.6,1.2,573,1273,0,285,,Bell 1995,ppm,,,0.33,,,isotropic,2.39,0.18,preexp_log,1.088,0.0311,enthalpy,3.83,0.1,preexp_log,0.9,0.04,exponent,0.8395,0.0135,enthalpy,,,,,,,,,,,,,,,,,,,,,,,,,,,,,,,,,
Electrical conductivity of orthopyroxene and plagioclase in the lower crust,"Xiaozhi Yang, Hans Keppler, Catherine McCammon, Huaiwei Ni",2011,10.1007/s00410-011-0657-9,plagioclaise,plagioclaise,single crystals,a exp( -b /kT)+c Cw^d exp( -e /kT),arrhenious_simple+water_exponent_arrhenious,Yang2012a,Yang_12a_plag,full fit,single,,0.6,1.2,573,1273,0,890,,Johnson and Rossman,ppm,,,,,,isotropic,4.12,0.34,preexp_log,1.669,0.0622,enthalpy,2.49,0.14,preexp_log,0.83,0.06,exponent,0.798,0.02703,enthalpy,,,,,,,,,,,,,,,,,,,,,,,,,,,,,,,,,
Fe3+-rich augite and high electrical conductivity in the deep lithosphere,Xiaozhi Yang and Catherine McCammon,2012,10.1130/G32725.1,clinopyroxene,augite,single crystal and polycrystal,a exp(-b /kT),arrhenious_simple,YangMcCammon2012,YMcC_12_cpx_dry,full fit,single,1.2,,,723,1273,0,0,0,Kovács,ppm,,,,,,isotropic,1.95,0.115,preexp_log,0.9172,0.01036,enthalpy,,,,,,,,,,,,,,,,,,,,,,,,,,,,,,,,,,,,,,,,,,
Fe3+-rich augite and high electrical conductivity in the deep lithosphere,Xiaozhi Yang and Catherine McCammon,2012,10.1130/G32725.1,clinopyroxene,augite,polycrystalline,a Cw^b exp( -c /kT),water_exponent_arrhenious,YangMcCammon2012,YMcC_12_cpx_wet,full fit,single,1.2,,,323,1373,75,270,,Kovács,ppm,,,,,,isotropic,3.615,0.135,preexp_log,1.03,0.06,exponent,0.7462,0.0155,enthalpy,,,,,,,,,,,,,,,,,,,,,,,,,,,,,,,,,,,,,,,
Electrical conductivity of enstatite as a function of water content: Implications for the electrical structure in the upper mantle,"Baohua Zhang, Takashi Yoshino, Xiaoping Wu, Takuya Matsuzaki, Shuangming Shan, Tomoo Katsura",2012,10.1016/j.epsl.2012.09.020,orthopyroxene,enstatite,polycrystalline  aggregates,a exp( -b /kT)+c Cw exp( -(d + e C_w^(1/3) /kT),arrhenious_simple+water_preexp_enthalpy_arrhenious,Zhang2012,Zh_2012_ortho,full fit,single,3,,,500,1723,0,0.241,,paterson,ppm,,,,,Mo-MoO2,isotropic,3.99,0.23,preexp_log,1.88,0.07,enthalpy,2.58,0.14,preexp_log,0.84,0.03,enthalpy,0.008,0.003,const,,,,,,,,,,,,,,,,,,,,,,,,,,,,,,,,,
"Effect of temperature, pressure and chemical composition on the electrical conductivity of granulite and geophysical implications","Wenquin Sun, Dai Lidon, Li Heping, Hu Haiying, Liu Changcai",2019,10.2465/jmps.181107b,Granulite,Granulite +14.79%  biotite,natural whole rock,a exp(-b /kT),arrhenious_simple,Sun2019a,Sun_19_gran_ds15_2,full fit,single,2,,,623,1073,,,0.51765,unit formula,wtpct,,,,,NNO,isotropic,2.19,0.01,preexp_log,0.68,0.01,enthalpy,,,,,,,,,,,,,,,,,,,,,,,,,,,,,,,,,,,,,,,,,,
"Effect of temperature, pressure and chemical composition on the electrical conductivity of granulite and geophysical implications","Wenquin Sun, Dai Lidon, Li Heping, Hu Haiying, Liu Changcai",2019,10.2465/jmps.181107b,Granulite,Granulite + 8.75% biotite,natural whole rock,a exp(-b /kT),arrhenious_simple,Sun2019a,Sun_19_gran_ds16_2,full fit,single,2,,,623,1073,,,0.30625,unit formula,wtpct,,,,,NNO,isotropic,1.01,-0.05,preexp_log,0.61,0.01,enthalpy,,,,,,,,,,,,,,,,,,,,,,,,,,,,,,,,,,,,,,,,,,
"Effect of temperature, pressure and chemical composition on the electrical conductivity of granulite and geophysical implications","Wenquin Sun, Dai Lidon, Li Heping, Hu Haiying, Liu Changcai",2019,10.2465/jmps.181107b,Granulite,Granulite + 8.75% biotite,natural whole rock,a exp(-b /kT),arrhenious_simple,Sun2019a,Sun_19_gran_ds16_1_low,full fit,single,1,,,623,773,,,0.30625,unit formula,wtpct,,,,,NNO,isotropic,-0.56,0.07,preexp_log,0.36,0.01,enthalpy,,,,,,,,,,,,,,,,,,,,,,,,,,,,,,,,,,,,,,,,,,
"Effect of temperature, pressure and chemical composition on the electrical conductivity of granulite and geophysical implications","Wenquin Sun, Dai Lidon, Li Heping, Hu Haiying, Liu Changcai",2019,10.2465/jmps.181107b,Granulite,Granulite + 8.75% biotite,natural whole rock,a exp(-b /kT),arrhenious_simple,Sun2019a,Sun_19_gran_ds16_1_high,full fit,single,1,,,823,1073,,,0.30625,unit formula,wtpct,,,,,NNO,isotropic,1.08,0.03,preexp_log,0.62,0.01,enthalpy,,,,,,,,,,,,,,,,,,,,,,,,,,,,,,,,,,,,,,,,,,
"Effect of temperature, pressure and chemical composition on the electrical conductivity of granulite and geophysical implications","Wenquin Sun, Dai Lidon, Li Heping, Hu Haiying, Liu Changcai",2019,10.2465/jmps.181107b,Granulite,Granulite + 5.49% biotite,natural whole rock,a exp(-b /kT),arrhenious_simple,Sun2019a,Sun_19_gran_ds17_2_low,full fit,single,2,,,623,723,,,0.19215,unit formula,wtpct,,,,,NNO,isotropic,-0.46,0.18,preexp_log,0.42,0.02,enthalpy,,,,,,,,,,,,,,,,,,,,,,,,,,,,,,,,,,,,,,,,,,
"Effect of temperature, pressure and chemical composition on the electrical conductivity of granulite and geophysical implications","Wenquin Sun, Dai Lidon, Li Heping, Hu Haiying, Liu Changcai",2019,10.2465/jmps.181107b,Granulite,Granulite + 5.49% biotite,natural whole rock,a exp(-b /kT),arrhenious_simple,Sun2019a,Sun_19_gran_ds17_2_high,full fit,single,2,,,773,1073,,,0.19215,unit formula,wtpct,,,,,NNO,isotropic,0.99,0.04,preexp_log,0.63,0.01,enthalpy,,,,,,,,,,,,,,,,,,,,,,,,,,,,,,,,,,,,,,,,,,
"Effect of temperature, pressure and chemical composition on the electrical conductivity of granulite and geophysical implications","Wenquin Sun, Dai Lidon, Li Heping, Hu Haiying, Liu Changcai",2019,10.2465/jmps.181107b,Granulite,Granulite + 5.49% biotite,natural whole rock,a exp(-b /kT),arrhenious_simple,Sun2019a,Sun_19_gran_ds17_3_low,full fit,single,3,,,623,723,,,0.19215,unit formula,wtpct,,,,,NNO,isotropic,-1.16,0.14,preexp_log,0.36,0.02,enthalpy,,,,,,,,,,,,,,,,,,,,,,,,,,,,,,,,,,,,,,,,,,
"Effect of temperature, pressure and chemical composition on the electrical conductivity of granulite and geophysical implications","Wenquin Sun, Dai Lidon, Li Heping, Hu Haiying, Liu Changcai",2019,10.2465/jmps.181107b,Granulite,Granulite + 5.49% biotite,natural whole rock,a exp(-b /kT),arrhenious_simple,Sun2019a,Sun_19_gran_ds17_3_high,full fit,single,3,,,773,1073,,,0.19215,unit formula,wtpct,,,,,NNO,isotropic,0.17,0.02,preexp_log,0.55,0.01,enthalpy,,,,,,,,,,,,,,,,,,,,,,,,,,,,,,,,,,,,,,,,,,
The electrical conductivity of granite: The role of hydrous accessory minerals and the structure water in major minerals,"Kui Han, Xinzhuan Guo,  Xuben Wang,  Junfeng Zhang, Sinan Ozaydin, Dewei Li, Simon Martin Clark",2023,10.1016/j.tecto.2023.229857,Granite Dry,Granite HGND ,natural whole rock,a exp(-b /kT),arrhenious_simple,Han2023,Han_23_granite_HD,full fit,single,0.0001,,,673,773,,,,,,,,,,NNO,isotropic,9.906,,preexp_log,1.22,0.063,enthalpy,,,,,,,,,,,,,,,,,,,,,,,,,,,,,,,,,,,,,,,,,,
The electrical conductivity of granite: The role of hydrous accessory minerals and the structure water in major minerals,"Kui Han, Xinzhuan Guo,  Xuben Wang,  Junfeng Zhang, Sinan Ozaydin, Dewei Li, Simon Martin Clark",2023,10.1016/j.tecto.2023.229857,Granite Dry,Granite QGND,natural whole rock,a exp(-b /kT),arrhenious_simple,Han2023,Han_23_granite_QD_low,full fit,single,1,,,573,873,,,,,,,,,,NNO,isotropic,417.446,,preexp_log,0.837,0.033,enthalpy,,,,,,,,,,,,,,,,,,,,,,,,,,,,,,,,,,,,,,,,,,
The electrical conductivity of granite: The role of hydrous accessory minerals and the structure water in major minerals,"Kui Han, Xinzhuan Guo,  Xuben Wang,  Junfeng Zhang, Sinan Ozaydin, Dewei Li, Simon Martin Clark",2023,10.1016/j.tecto.2023.229857,Granite Dry,Granite QGND,natural whole rock,a exp(-b /kT),arrhenious_simple,Han2023,Han_23_granite_QD_high,full fit,single,1,,,873,1173,,,,,,,,,,NNO,isotropic,759.451,,preexp_log,0.773,0.012,enthalpy,,,,,,,,,,,,,,,,,,,,,,,,,,,,,,,,,,,,,,,,,,
The electrical conductivity of granite: The role of hydrous accessory minerals and the structure water in major minerals,"Kui Han, Xinzhuan Guo,  Xuben Wang,  Junfeng Zhang, Sinan Ozaydin, Dewei Li, Simon Martin Clark",2023,10.1016/j.tecto.2023.229857,Granite,Granite QGNP,Powdered natural  rock,a exp(-b /kT),arrhenious_simple,Han2023,Han_23_granite_QP_low,full fit,single,1,,,573,873,,,,,,,,,,NNO,isotropic,4.935,,preexp_log,0.824,0.035,enthalpy,,,,,,,,,,,,,,,,,,,,,,,,,,,,,,,,,,,,,,,,,,
The electrical conductivity of granite: The role of hydrous accessory minerals and the structure water in major minerals,"Kui Han, Xinzhuan Guo,  Xuben Wang,  Junfeng Zhang, Sinan Ozaydin, Dewei Li, Simon Martin Clark",2023,10.1016/j.tecto.2023.229857,Granite,Granite QGNP,Powdered natural  rock,a exp(-b /kT),arrhenious_simple,Han2023,Han_23_granite_QP_high,full fit,single,1,,,873,1173,,,,,,,,,,NNO,isotropic,210.087,,preexp_log,1.085,0.068,enthalpy,,,,,,,,,,,,,,,,,,,,,,,,,,,,,,,,,,,,,,,,,,
Electrical Conductivity of Omphacite as a Function of Water Content and Implications for High Conductivity Anomalies in the Dabie-Sulu UHPM Belts and Tibet,"Baohua Zhang, Chengcheng Zhao, Jianhua Ge, Takashi Yoshino",2019,10.1029/2019JB018826,Omphacite,glasses,synthetic glass,a X_fe^b Cw^c exp( (-d- eX_fe- fCw^(1/3))/kT),iron_water_arrhenious2,Zhang2019,Zhang_19_oomph,full fit,single,,3,5,500,1300,0.004,0.122,,paterson,wtpct,0,6.5,,wt \%,NNO,isotropic,1483,260,preexp,0.09,0.03,exponent,1.1,0.1,exponent,1.05,0.03,enthalpy,0.71,0.05,const,0.38,0.07,const,,,,,,,,,,,,,,,,,,,,,,,,,,,,,,
Electrical conductivity of OH-bearing omphacite and garnet in eclogite: the quantitative dependence on water content,"Liu Hanyong, Zhu Qiao, Yang Xiaozhi",2019,10.1007/s00410-019-1593-3,oopmhacite ,oopmhacite ,single crystals,a Cw^b exp( -c /kT),water_exponent_arrhenious,Liu2019,Liu_19_oomph,full fit,single,1,,,573,973,85,300,,,ppm,,,,,NNO,isotropic,3.51,0.11,preexp_log,1.1,0.04,exponent,0.8499,0.01036,enthalpy,,,,,,,,,,,,,,,,,,,,,,,,,,,,,,,,,,,,,,,
Electrical conductivity of OH-bearing omphacite and garnet in eclogite: the quantitative dependence on water content,"Liu Hanyong, Zhu Qiao, Yang Xiaozhi",2019,10.1007/s00410-019-1593-3,garnet,garnet,single crystals,a Cw^b exp( -c /kT),water_exponent_arrhenious,Liu2019,Liu_19_garnet,full fit,single,1,,,623,1073,40,245,,,ppm,,,,,NNO,isotropic,4.37,0.24,preexp_log,1.07,0.09,exponent,0.9328,0.02073,enthalpy,,,,,,,,,,,,,,,,,,,,,,,,,,,,,,,,,,,,,,,
Electrical conductivity of pyrope-rich garnet at high temperature and high pressure,"Lidong Dai, Shun-ichiro Karato",2009,10.1016/j.pepi.2009.04.002,garnet,garnet,single crystals,a Cw^b exp( -h +P*V/kT),water_exponent_arrhenious_pressure,DaiKarato2009b,Dai_09_garnet_wet,full fit,single,,4,16,873,1473,0,0.04746,,paterson,wtpct,,,,,Mo-MoO2,isotropic,1950,700,preexp,0.63,0.19,exponent,0.7255,0.0518,enthalpy,-0.57,0.05,volume,,,,,,,,,,,,,,,,,,,,,,,,,,,,,,,,,,,,
Electrical conductivity of pyrope-rich garnet at high temperature and high pressure,"Lidong Dai, Shun-ichiro Karato",2009,10.1016/j.pepi.2009.04.002,garnet,garnet,single crystals,A0(1 - B*P) exp( -h +P*V/kT),arrhenious_preexp_parameterized,DaiKarato2009b,Dai_09_garnet_dry,full fit,single,,,,,,,,,,,,,,,Mo-MoO2,isotropic,1036,236,preexp,0.044,0.007,const,1.327,0.06219,enthalpy,2.5,0.48,volume,,,,,,,,,,,,,,,,,,,,,,,,,,,,,,,,,,,,
The effect of chemical composition and oxygen fugacity on the electrical conductivity of dry and hydrous garnet at high temperatures and pressures,"Lidong Dai, Heping Li, Haiying Hu, Shuangming Shan, Jianjun Jiang, Keshi Hui",2012,10.1007/s00410-011-0693-5,garnet,garnet,sintered and single crystal,log10(a + b*log10 fO2 + c/T),arrhenious_logfO2_2,DaiKarato2012,Dai_12_garnet_dry,full fit,single,2,,,873,1273,0,0,0,,ppm,,,,,several,isotropic,2.23,0.063,const,0.061,0.002,const,-6092,94,const,,,,,,,,,,,,,,,,,,,,,,,,,,,,,,,,,,,,,,,
The effect of chemical composition and oxygen fugacity on the electrical conductivity of dry and hydrous garnet at high temperatures and pressures,"Lidong Dai, Heping Li, Haiying Hu, Shuangming Shan, Jianjun Jiang, Keshi Hui",2012,10.1007/s00410-011-0693-5,wet garnet,garnet_hydrous,sintered and single crystal,log10(a + b*log10 fO2 + c/T),arrhenious_logfO2_2,DaiKarato2012,Dai_12_garnet_wet,full fit,single,,1,4,873,1273,465,465,465,,ppm,,,,,several,isotropic,2.27,0.032,const,-0.071,0.001,const,-6475,48,const,,,,,,,,,,,,,,,,,,,,,,,,,,,,,,,,,,,,,,,
Electrical conductivity of Alm82Py15Grs3 almandine-rich garnet determined by impedance spectroscopy at high temperatures and high pressures,"Lidong Dai, Heping Li, Haiying Hu, Jianjun Jiang, Keshi Hui,, Shuangming Shan",2013,10.1016/j.tecto.2013.07.004,garnet,garnet,single crystal,log10(a + b*log10 fO2 + c/T),arrhenious_logfO2_2,DaiKarato2013,dai_13_garnet_py_dry,full fit,single,,1,3,973,1273,0,0,0,paterson,ppm,,,,,several,isotropic,2.67,0.05,const,0.054,0.003,const,-5446,68,const,,,,,,,,,,,,,,,,,,,,,,,,,,,,,,,,,,,,,,,
Electrical conductivity of Alm82Py15Grs3 almandine-rich garnet determined by impedance spectroscopy at high temperatures and high pressures,"Lidong Dai, Heping Li, Haiying Hu, Jianjun Jiang, Keshi Hui,, Shuangming Shan",2013,10.1016/j.tecto.2013.07.004,garnet,garnet,single crystal,a exp( - (b + Pc)/kt),arrhenious_pressure,DaiKarato2013,dai_13_garnet_alm_dry,full fit,single,,1,3,973,1273,0,0,0,paterson,ppm,,,,,NNO,isotropic,3.07,0.036055513,preexp_log,1.29,0.12,enthalpy,2.01,0.57,volume,,,,,,,,,,,,,,,,,,,,,,,,,,,,,,,,,,,,,,,
Electrical conductivity of majorite garnet and its implications for electrical structure in the mantle transition zone,"Takashi Yoshino, Masayuki Nishi,Takuya Matsuzaki,, Daisuke Yamazaki , Tomoo Katsura ",2008,10.1016/j.pepi.2008.04.009,majorite garnet, pyr-ol,synthesized,a exp(-b /kT),arrhenious_simple,Yoshino2008,YS_08_lowT_mj,full fit,single,18,,,1000,1500,,,,,,,,,,Mo-MoO2,isotropic,340,,preexp,1.37,,enthalpy,,,,,,,,,,,,,,,,,,,,,,,,,,,,,,,,,,,,,,,,,,
Electrical conductivity of majorite garnet and its implications for electrical structure in the mantle transition zone,"Takashi Yoshino, Masayuki Nishi,Takuya Matsuzaki,, Daisuke Yamazaki , Tomoo Katsura ",2008,10.1016/j.pepi.2008.04.009,majorite garnet, pyr-ol,synthesized,a exp(-b /kT),arrhenious_simple,Yoshino2008,YS_08_highT_mj,full fit,single,18,,,1600,1900,,,,,,,,,,Mo-MoO2,isotropic,2762,,preexp,1.63,,enthalpy,,,,,,,,,,,,,,,,,,,,,,,,,,,,,,,,,,,,,,,,,,
Electrical conductivity of majorite garnet and its implications for electrical structure in the mantle transition zone,"Takashi Yoshino, Masayuki Nishi,Takuya Matsuzaki,, Daisuke Yamazaki , Tomoo Katsura ",2008,10.1016/j.pepi.2008.04.009,majorite garnet,morb_gt,synthesized,a exp(-b /kT),arrhenious_simple,Yoshino2008,YS_08_morb_mj,full fit,single,18,,,700,2000,,,,,,,,,,Mo-MoO2,isotropic,1254,,preexp,1.38,,enthalpy,,,,,,,,,,,,,,,,,,,,,,,,,,,,,,,,,,,,,,,,,,
Electrical conductivity of the plagioclase–NaCl–water system and its implication for the high conductivity anomalies in the mid-lower crust of Tibet Plateau,"Ping Li, Xinzhuan Guo1, Sibo Chen, Chao Wang, Junlong Yang,  Xingfan Zhou,",2018,10.1007/s00410-018-1442-9,brine,plag-water-NaCl_ 1% salinity,synthesized,a,single_value,Li2018,li_18_plag_1%,full fit,single,1,,,800,800,,,,,,,,,,,isotropic,0.36,,const,,,,,,,,,,,,,,,,,,,,,,,,,,,,,,,,,,,,,,,,,,,,,
Electrical conductivity of the plagioclase–NaCl–water system and its implication for the high conductivity anomalies in the mid-lower crust of Tibet Plateau,"Ping Li, Xinzhuan Guo1, Sibo Chen, Chao Wang, Junlong Yang,  Xingfan Zhou,",2018,10.1007/s00410-018-1442-9,brine,plag-water-NaCl_25% salinity,synthesized,a,single_value,Li2018,li_18_plag_25%,full fit,single,1,,,800,800,,,,,,,,,,,isotropic,15.33,,const,,,,,,,,,,,,,,,,,,,,,,,,,,,,,,,,,,,,,,,,,,,,,
Electrical conductivity of the plagioclase–NaCl–water system and its implication for the high conductivity anomalies in the mid-lower crust of Tibet Plateau,"Ping Li, Xinzhuan Guo1, Sibo Chen, Chao Wang, Junlong Yang,  Xingfan Zhou,",2018,10.1007/s00410-018-1442-9,brine,plag-water-NaCl_10%  salinity,synthesized,a,single_value,Li2018,li_18_plag_10%,full fit,single,1,,,800,800,,,,,,,,,,,isotropic,2.29,,const,,,,,,,,,,,,,,,,,,,,,,,,,,,,,,,,,,,,,,,,,,,,,
Electrical conductivity of the plagioclase–NaCl–water system and its implication for the high conductivity anomalies in the mid-lower crust of Tibet Plateau,"Ping Li, Xinzhuan Guo1, Sibo Chen, Chao Wang, Junlong Yang,  Xingfan Zhou,",2018,10.1007/s00410-018-1442-9,brine,albite-water-Nacl_3% salinity,synthesized,a,single_value,Li2018,li_18_alb_3%,full fit,single,1,,,800,800,,,,,,,,,,,isotropic,12.5,,const,,,,,,,,,,,,,,,,,,,,,,,,,,,,,,,,,,,,,,,,,,,,,
Electrical conductivity of the plagioclase–NaCl–water system and its implication for the high conductivity anomalies in the mid-lower crust of Tibet Plateau,"Ping Li, Xinzhuan Guo1, Sibo Chen, Chao Wang, Junlong Yang,  Xingfan Zhou,",2018,10.1007/s00410-018-1442-9,brine,albite-water-Nacl_10% salinity,synthesized,a,single_value,Li2018,li_18_alb_10%,full fit,single,1,,,800,800,,,,,,,,,,,isotropic,55,,const,,,,,,,,,,,,,,,,,,,,,,,,,,,,,,,,,,,,,,,,,,,,,
Electrical conductivity of the plagioclase–NaCl–water system and its implication for the high conductivity anomalies in the mid-lower crust of Tibet Plateau,"Ping Li, Xinzhuan Guo1, Sibo Chen, Chao Wang, Junlong Yang,  Xingfan Zhou,",2018,10.1007/s00410-018-1442-9,plagioclaise,plagioclaise,synthesized,a exp(-b /kT),arrhenious_simple,Li2018,li_18_plag_dry,full fit,single,1,,,725,925,0,0,0,Johnson and Rossman,ppm,,,,,,isotropic,"37,110",,preexp,1.4,,enthalpy,,,,,,,,,,,,,,,,,,,,,,,,,,,,,,,,,,,,,,,,,,
Electrical conductivity of the plagioclase–NaCl–water system and its implication for the high conductivity anomalies in the mid-lower crust of Tibet Plateau,"Ping Li, Xinzhuan Guo1, Sibo Chen, Chao Wang, Junlong Yang,  Xingfan Zhou,",2018,10.1007/s00410-018-1442-9,wet plagiocalise,plagioclaise,synthesized,a exp(-b /kT),arrhenious_simple,Li2018,li_18_plag_wet,full fit,single,1,,,750,900,1725,1843,,Johnson and Rossman,ppm,,,,,,isotropic,1593,,preexp,0.59,,enthalpy,,,,,,,,,,,,,,,,,,,,,,,,,,,,,,,,,,,,,,,,,,
Unusually high electrical conductivity of phlogopite: the possible role of fluorine and geophysical implications,"Yan Li, Xiaozhi Yang, Jin_Hai Yu1, Yuan_Feng Cai",2016,10.1007/s00410-016-1252-x,phlogopite,phlogopite,single crystal,a exp(-b /kT),arrhenious_simple,Li2016,YL_16_phlogopite[010],full fit,composite,1,,,473,1173,0.45,0.45,,Libowitzky and Rossman,wtpct,,,,,NNO,[010],10.15,0.22,preexp_log,2.11,0.03109,enthalpy,,,,,,,,,,,,,,,,,,,,,,,,,,,,,,,,,,,,,,,,,,
Unusually high electrical conductivity of phlogopite: the possible role of fluorine and geophysical implications,"Yan Li, Xiaozhi Yang, Jin_Hai Yu1, Yuan_Feng Cai",2016,10.1007/s00410-016-1252-x,phlogopite,phlogopite,single crystal,a exp(-b /kT),arrhenious_simple,Li2016,YL_16_phlogopite[110],full fit,composite,1,,,473,1173,0.45,0.45,,Libowitzky and Rossman,wtpct,,,,,NNO,[110],8.41,0.24,preexp_log,1.855,0.04146,enthalpy,,,,,,,,,,,,,,,,,,,,,,,,,,,,,,,,,,,,,,,,,,
Unusually high electrical conductivity of phlogopite: the possible role of fluorine and geophysical implications,"Yan Li, Xiaozhi Yang, Jin_Hai Yu1, Yuan_Feng Cai",2016,10.1007/s00410-016-1252-x,phlogopite,phlogopite,single crystal,a exp(-b /kT),arrhenious_simple,Li2016,YL_16_phlogopite[001],full fit,composite,1,,,473,1173,0.45,0.45,,Libowitzky and Rossman,wtpct,,,,,NNO,[001],6.09,0.34,preexp_log,1.389,0.05182,enthalpy,,,,,,,,,,,,,,,,,,,,,,,,,,,,,,,,,,,,,,,,,,
Re-evaluation of electrical conductivity of anhydrous and hydrous wadsleyite,"Takashi Yoshino, Tomoo Katsura,",2012,10.1016/j.epsl.2012.05.023,wadsleyite,wadsleyite,polycrystal aggregates and synthetic aggregates,a exp( -b /kT)+c Cw exp( -(d + e C_w^(1/3) /kT),arrhenious_simple+water_preexp_enthalpy_arrhenious,Yoshino2012a,YK_12_wads,full fit,single,16,,,800,2000,0,0.62,,paterson,wtpct,,,,,Mo-MoO2,isotropic,288,38,preexp,1.45,0.02,enthalpy,25,3,preexp,0.83,2,enthalpy,0.02,0.02,const,,,,,,,,,,,,,,,,,,,,,,,,,,,,,,,,,
Supercritical fluid in the mantle transition zone deduced from H–D interdiffusion of wadsleyite,"Wei Sun, Takashi Yoshino, Naoya Sakamoto, Hisayoshi Yurimoto,",2018,10.1016/j.epsl.2017.12.032 0012-821X,wadsleyite,wadsleyite,synthesized aggregates,a exp(b/kT) Ch q^2/kT,nerst_einstein1,Sun2018,Sun_18_wads[001],full fit,composite,16,,,1000,1200,0.9,2.4,,Paterson,wtpct,,,,,,[001],-8.26,0.33,preexp_log,0.7773,0.06219,enthalpy,,,,,,,,,,,,,,,,,,,,,,,,,,,,,,,,,,,,,,,,,,
Supercritical fluid in the mantle transition zone deduced from H–D interdiffusion of wadsleyite,"Wei Sun, Takashi Yoshino, Naoya Sakamoto, Hisayoshi Yurimoto,",2018,10.1016/j.epsl.2017.12.032 0012-821X,wadsleyite,wadsleyite,synthesized aggregates,a exp(b/kT) Ch q^2/kT,nerst_einstein1,Sun2018,Sun_18_wads[010],full fit,composite,16,,,1000,1200,0.9,2.4,,Paterson,wtpct,,,,,,[010],-6.02,0.48,preexp_log,1.399,0.114,enthalpy,,,,,,,,,,,,,,,,,,,,,,,,,,,,,,,,,,,,,,,,,,
Supercritical fluid in the mantle transition zone deduced from H–D interdiffusion of wadsleyite,"Wei Sun, Takashi Yoshino, Naoya Sakamoto, Hisayoshi Yurimoto,",2018,10.1016/j.epsl.2017.12.032 0012-821X,wadsleyite,wadsleyite,synthesized aggregates,a exp(b/kT) Ch q^2/kT,nerst_einstein1,Sun2018,Sun_18_wads[100],full fit,composite,16,,,1000,1200,0.9,2.4,,Paterson,wtpct,,,,,,[100],-7.44,0.6,preexp_log,1.036,0.155,enthalpy,,,,,,,,,,,,,,,,,,,,,,,,,,,,,,,,,,,,,,,,,,
Time-dependent changes of the electrical conductivity of basaltic melts with redox state,"A. Pommier, Gaillard, M. Pichavant",2010,10.1016/j.gca.2009.12.005,basaltic melt,melt,natural whole rock sample,a exp(b/kT) fo2^c,arrhenious_fugacity,Pommier2010,Pom_10b_basalt,full fit,single,0.0001,,,1473,1673,,,,,,,,,,,isotropic,9400,,preexp,1.213,,enthalpy,-0.03,,const,,,,,,,,,,,,,,,,,,,,,,,,,,,,,,,,,,,,,,,
The ElectricalConductivityof an IsotropicOlivine Mantle ,"Steven Constable, Thomas J. Shankland, Al Duba",1992,10.1029/91JB02453,olivine,olivine,natural single crystal,a exp(-b /kT) + b exp(-c /kT),arrhenious_simple+arrhenious_simple,Constable1992,SEO2,full fit,single,0.0001,,,993,1773,,,,,,,,,,,isotropic,1.719,,preexp_log,1.4,0.02,enthalpy,7.69,,preexp_log,3.56,,enthalpy,,,,,,,,,,,,,,,,,,,,,,,,,,,,,,,,,,,,
Pressure effect on electrical conductivity of mantle olivine ,"Yousheng Xu,  Shankland, A.G. Duba ",2000,10.1029/1999GL008378,olivine,olivine,single crystal,a exp( - (H + PV)/kt),arrhenious_pressure,xu2000,Xu2000[001],full fit,composite,,4,10,1273,1673,,,,,,,,,,Mo-MoO2,[001],2.67,0.14,preexp_log,1.5,0.04,enthalpy,0.86,0.15,volume,,,,,,,,,,,,,,,,,,,,,,,,,,,,,,,,,,,,,,,
Pressure effect on electrical conductivity of mantle olivine ,"Yousheng Xu,  Shankland, A.G. Duba ",2000,10.1029/1999GL008378,olivine,olivine,single crystal,a exp( - (H + PV)/kt),arrhenious_pressure,xu2000,Xu2000[010],full fit,composite,,4,10,1273,1673,,,,,,,,,,Mo-MoO2,[010],2.39,0.06,preexp_log,1.17,0.04,enthalpy,0.96,0.06,volume,,,,,,,,,,,,,,,,,,,,,,,,,,,,,,,,,,,,,,,
Pressure effect on electrical conductivity of mantle olivine ,"Yousheng Xu,  Shankland, A.G. Duba ",2000,10.1029/1999GL008378,olivine,olivine,single crystal,a exp(-b /kT),arrhenious_simple,xu2000,Xu2000[100],full fit,composite,,4,10,1273,1673,,,,,,,,,,Mo-MoO2,[100],3.33,0.28,preexp_log,1.79,0.08,enthalpy,,,,,,,,,,,,,,,,,,,,,,,,,,,,,,,,,,,,,,,,,,
Pressure effect on electrical conductivity of mantle olivine ,"Yousheng Xu,  Shankland, A.G. Duba ",2000,10.1029/1999GL008378,olivine,olivine,polycrystal average,a exp( - (H + PV)/kt),arrhenious_pressure,xu2000,xu2000_poly,full fit,single,,4,10,1273,1673,,,,,,,,,,Mo-MoO2,isotropic,2.49,0.15,preexp_log,1.61,0.05,enthalpy,0.385,0.25,volume,,,,,,,,,,,,,,,,,,,,,,,,,,,,,,,,,,,,,,,
Anisotropy of electrical conductivity in dry olivine,"Wyatt L. Du Frane, Jeffery J. Roberts, Daniel A. Toffelmier,and James A. Tyburczy",2005,10.1029/2005GL023879,olivine,olivine,single crystal olivine,afO2^b exp(c/kT) + d exp(e/kT),arrhenious_fugacity+arrhenious_simple,DuFrane2005,dF_05[100],full fit,composite,0.4,,,1373,1573,,,,,,,,,,CO2:CO,[100],0.432,0.147,preexp,0.18,,const,0.322,0.048,enthalpy,0.0119,0.0051,preexp,0.322,0.048,enthalpy,,,,,,,,,,,,,,,,,,,,,,,,,,,,,,,,,
Anisotropy of electrical conductivity in dry olivine,"Wyatt L. Du Frane, Jeffery J. Roberts, Daniel A. Toffelmier,and James A. Tyburczy",2005,10.1029/2005GL023879,olivine,olivine,single crystal olivine,afO2^b exp(c/kT) + d exp(e/kT),arrhenious_fugacity+arrhenious_simple,DuFrane2005,dF_05[010],full fit,composite,0.4,,,1373,1573,,,,,,,,,,CO2:CO,[010],2.39,0.35,preexp,0.18,,const,0.561,0.021,enthalpy,0.0798,0.0147,preexp,0.561,0.021,enthalpy,,,,,,,,,,,,,,,,,,,,,,,,,,,,,,,,,
Anisotropy of electrical conductivity in dry olivine,"Wyatt L. Du Frane, Jeffery J. Roberts, Daniel A. Toffelmier,and James A. Tyburczy",2005,10.1029/2005GL023879,olivine,olivine,single crystal olivine,afO2^b exp(c/kT) + d exp(e/kT),arrhenious_fugacity+arrhenious_simple,DuFrane2005,dF_05[001],full fit,composite,0.4,,,1373,1573,,,,,,,,,,CO2:CO,[001],15.3,2.9,preexp,0.18,,const,0.71,0.027,enthalpy,0.293,0.072,preexp,0.71,0.027,enthalpy,,,,,,,,,,,,,,,,,,,,,,,,,,,,,,,,,
SEO3: A new model of olivine electrical conductivity,Steven Constable,2006,10.1111/j.1365-246X.2006.03041.x,olivine,olivine,reanalysis,[a_exp(b/kT) + c_exp(d/kT)fO2_e]_f_exp(g/kT)_h + 2_[i_exp(j/kT) +k_exp(L/kT)fO2_m]_(n_exp(o /kT)) p ,seo3_eq,Constable2006,SEO3,full fit,single,0.001,,,1273,1573,,,,,,,,,,,isotropic,5.06E+14,,preexp,-0.357,,enthalpy,3.33E+24,,preexp,-0.002,,enthalpy,0.166666667,,const,1.22E-05,,preexp,-1.05,,enthalpy,1.60E-19,,const,4.58E+26,,preexp,_0.752),,enthalpy,6.21E+30,,preexp,_1.83,,enthalpy,0.166666667,,const,2.72e_6,,preexp,_1.09,,enthalpy,1.60E-19,,const
The effect of water on the electrical conductivity of olivine,"Duojun Wang, Mainak Mookherjee, Yousheng Xu, Shun-ichiro Karato",2006,10.1038/nature05256 ,olivine,olivine,synthetic sinter,a exp(-b /kT)+c Cw^d exp( -e /kT),arrhenious_simple+water_exponent_arrhenious,Wang2006,wang_06_ol,full fit,single,4,,,873,1273,0.01,0.027,,paterson,wtpct,,,,,Ni–NiO ,isotropic,2.4,,preexp_log,1.586,,enthalpy,3,0.4,preexp_log,0.62,0.15,const,0.9017,0.05182,enthalpy,,,,,,,,,,,,,,,,,,,,,,,,,,,,,,,,,
The effect of water on the electrical conductivity of olivine aggregates and its implications for the electrical structure of the upper mantle ,"Takashi Yoshino, Takuya Matsuzaki, Anton Shatskiy, Tomoo Katsura ",2009,10.1016/j.epsl.2009.09.032 ,olivine,olivine,synthetic aggregate,a exp(-b /kT)+c exp(-d /kT)+eCw exp( -(f + g C_w^(1/3) /kT),arrhenious_simple+arrhenious_simple+water_preexp_enthalpy_arrhenious,Yoshino2009,TY_09_ol,full fit,single,10,,,500,2000,0.005,0.179,,paterson,wtpct,,,,,Mo-MoO2,isotropic,4.73,0.53,preexp_log,2.31,0.07,enthalpy,2.98,0.85,preexp_log,1.71,0.44,enthalpy,1.9,0.44,preexp_log,0.92,0.04,enthalpy,-0.16,0.02,const,,,,,,,,,,,,,,,,,,,,,,,,,,,
"Effect of temperature, pressure and iron content on the electrical conductivity of olivine and its high-pressure polymorphs","Takashi Yoshino, Akira Shimojuku, Shuanming Shan, Xinzhuan Guo, Daisuke Yamazaki, Eiji Ito, Yuji Higo, Ken-ichi Funakoshi",2012,10.1029/2011JB008774,olivine,olivine,synthetic aggregate,a X_fe exp( -(b - c* Xfe^1/3 + P( d - e Xfe)/kT),iron_preexp_enthalpy_arrhenious,Yoshino2012b,TY_12_ol,full fit,single,,5,18,500,1600,,,,,,,,,,Mo-MoO2,isotropic,525,37,preexp,1.96,0.02,enthalpy,1.49,0.03,const,-0.01,0.04,volume,0.22,0.34,const,,,,,,,,,,,,,,,,,,,,,,,,,,,,,,,,,
Toward a unified hydrous olivine electrical conductivity law,"Emmanuel Gardés, Fabrice Gaillard, Pascal Tarits",2014,10.1002/2014GC005496,olivine,olivine,reanalysis,a exp(-b /kT)+c exp( -d /kT)+eCw exp( -(f + g C_w^(1/3) /kT),arrhenious_simple+arrhenious_simple+water_preexp_enthalpy_arrhenious,Gardes2014,GAR_14_ol[100],full fit,composite,,0.001,10,473,2000,0,1500,,withers,ppm,,,,,,[100],5.92,1.99,preexp_log,2.70396,0.49728,enthalpy,2.19,1.09,preexp_log,1.51256,0.27972,enthalpy,-1.28,0.57,preexp_log,0.95312,0.09324,enthalpy,0.0309764,0.0071484,,,,,,,,,,,,,,,,,,,,,,,,,,,,
Toward a unified hydrous olivine electrical conductivity law,"Emmanuel Gardés, Fabrice Gaillard, Pascal Tarits",2014,10.1002/2014GC005496,olivine,olivine,reanalysis,a exp(-b /kT)+c exp( -d /kT)+eCw exp( -(f + g C_w^(1/3) /kT),arrhenious_simple+arrhenious_simple+water_preexp_enthalpy_arrhenious,Gardes2014,GAR_14_ol[010],full fit,composite,,0.001,10,473,2000,0,1500,,withers,ppm,,,,,,[010],5.45,2.07,preexp_log,2.77648,0.5698,enthalpy,2.38,1.1,preexp_log,1.46076,0.21756,enthalpy,-0.51,0.99,preexp_log,0.9842,0.13468,enthalpy,0.0106708,0.0071484,,,,,,,,,,,,,,,,,,,,,,,,,,,,
Toward a unified hydrous olivine electrical conductivity law,"Emmanuel Gardés, Fabrice Gaillard, Pascal Tarits",2014,10.1002/2014GC005496,olivine,olivine,reanalysis,a exp(-b /kT)+c exp( -d /kT)+eCw exp( -(f + g C_w^(1/3) /kT),arrhenious_simple+arrhenious_simple+water_preexp_enthalpy_arrhenious,Gardes2014,GAR_14_ol[001],full fit,composite,,0.001,10,473,2000,0,1500,,withers,ppm,,,,,,[001],234,1.94,preexp_log,2.42424,0.48692,enthalpy,2.51,1.06,preexp_log,1.51256,0.24864,enthalpy,-1.77,0.69,preexp_log,0.83916,0.09324,enthalpy,0.02331,0.0065268,,,,,,,,,,,,,,,,,,,,,,,,,,,,
Pressure dependence of electrical conductivity in forsterite,"Takashi Yoshino, Baohua Zhang, Brandon Rhymer, Chengcheng Zhao, Hongzhan Fei",2016,10.1002/2016JB013555,olivine,forsterite,,a exp( - (b + Pc)/kt) + e exp( - (f + Pg)/kt),arrhenious_pressure+arrhenious_pressure,Zhang2016,TY_16_for[100],ionic,composite,,3.5,14.9,1300,2100,,,,,,,,,,several,[100],1.10E+05,6.00E+04,preexp,1.75,0.23,enthalpy,18.6,5.6,volume,1.30E+06,5.20E+05,preexp,3.05,0.21,enthalpy,0.3,0.3,volume,,,,,,,,,,,,,,,,,,,,,,,,,,,,,,
Pressure dependence of electrical conductivity in forsterite,"Takashi Yoshino, Baohua Zhang, Brandon Rhymer, Chengcheng Zhao, Hongzhan Fei",2016,10.1002/2016JB013555,olivine,forsterite,,a exp( - (b + Pc)/kt) + e exp( - (f + Pg)/kt),arrhenious_pressure+arrhenious_pressure,Zhang2016,TY_16_for[010],ionic,composite,,3.5,14.9,1300,2100,,,,,,,,,,several,[010],3.40E+05,3.50E+03,preexp,2.38,0.11,enthalpy,6.9,0.5,volume,1.10E+04,4.00E+03,preexp,2.23,0.06,enthalpy,-0.8,0.3,volume,,,,,,,,,,,,,,,,,,,,,,,,,,,,,,
Pressure dependence of electrical conductivity in forsterite,"Takashi Yoshino, Baohua Zhang, Brandon Rhymer, Chengcheng Zhao, Hongzhan Fei",2016,10.1002/2016JB013555,olivine,forsterite,,a exp( - (b + Pc)/kt) + e exp( - (f + Pg)/kt),arrhenious_pressure+arrhenious_pressure,Zhang2016,TY_16_for[001],ionic,composite,,3.5,14.9,1300,2100,,,,,,,,,,several,[001],1.00E+07,1.40E+06,preexp,2.71,0.22,enthalpy,8.3,1.7,volume,1.70E+06,1.90E+05,preexp,2.93,0.21,enthalpy,-0.3,0.4,volume,,,,,,,,,,,,,,,,,,,,,,,,,,,,,,
Hydrogen self-diffusion in single crystal olivine and electrical conductivity of the Earth’s mantle,"Davide Novella, Benjamin Jacobsen, Peter K. Weber, James A. Tyburczy, Frederick J. Ryerson, & Wyatt L. Du Frane",2017,10.1038/s41598-017-05113-6,olivine,olivine,single crystal,C_h exp( a - b/(ln(10)RT))/kT ,nerst_einstein_2 ,Novella2017,NV_17[100],proton,composite,2,,,1023,1173,,74,,bell,ppm,,,,,NNO,[100],-0.7,0.9,preexp_log,2.37244,0.18648,enthalpy,,,,,,,,,,,,,,,,,,,,,,,,,,,,,,,,,,,,,,,,,,
Hydrogen self-diffusion in single crystal olivine and electrical conductivity of the Earth’s mantle,"Davide Novella, Benjamin Jacobsen, Peter K. Weber, James A. Tyburczy, Frederick J. Ryerson, & Wyatt L. Du Frane",2017,10.1038/s41598-017-05113-6,olivine,olivine,single crystal,C_h exp( a - b/(ln(10)RT))/kT ,nerst_einstein_2 ,Novella2017,NV_17[100],proton,composite,2,,,1023,1173,,74,,bell,ppm,,,,,NNO,[010],-5,0.9,preexp_log,1.78192,0.19684,enthalpy,,,,,,,,,,,,,,,,,,,,,,,,,,,,,,,,,,,,,,,,,,
Hydrogen self-diffusion in single crystal olivine and electrical conductivity of the Earth’s mantle,"Davide Novella, Benjamin Jacobsen, Peter K. Weber, James A. Tyburczy, Frederick J. Ryerson, & Wyatt L. Du Frane",2017,10.1038/s41598-017-05113-6,olivine,olivine,single crystal,C_h exp( a - b/(ln(10)RT))/kT ,nerst_einstein_2 ,Novella2017,NV_17[100],proton,composite,2,,,1023,1173,,74,,bell,ppm,,,,,NNO,[001],-3.5,0.4,preexp_log,1.94768,0.08288,enthalpy,,,,,,,,,,,,,,,,,,,,,,,,,,,,,,,,,,,,,,,,,,
H-D Interdiffusion in Single-Crystal Olivine: Implications for Electrical Conductivity in the Upper Mantle,"Wei Sun, Takashi Yoshino, Minami Kuroda, Naoya Sakamoto, Hisayoshi Yurimoto",2019,10.1029/2019JB017576,olivine,olivine,single crystal,a Cw^(1+b) exp( c/kT)/kT,nerst_einstien_3,Sun2019b,Sun_19,proton,single,,3,13,1000,1300,136,1648,,paterson,ppm,,,,,,isotropic,-7.4,0.8,preexp_log,0.41,0.01,const,1.2432,0.17612,enthalpy,,,,,,,,,,,,,,,,,,,,,,,,,,,,,,,,,,,,,,,
The Effect of Water on Ionic Conductivity in Olivine,"Hongzhan Fei , Dmitry Druzhbin, and Tomoo Katsura",2020,10.1029/2019JB019313,olivine,olivine,single crystals,a Cw^b exp(-(c + Pd)/kT)/T + e exp( - (f + Pg)/kt),water_exponent_arrhenious_pressure_invT + arrhenious_pressure,Fei2020,Fei_20[100],full fit,composite,,2,10,1480,2180,18,580,,Withers ,ppm,,,,,Mo-MoO2,[100],9.9,0.5,preexp_log,1.3,0.2,const,4.40122,0.1959,enthalpy,4.2,0.4,volume,1.5,0.2,preexp_log,1.52802,0.16978,enthalpy,0.5,0.7,,,,,,,,,,,,,,,,,,,,,,,,,,,,
The Effect of Water on Ionic Conductivity in Olivine,"Hongzhan Fei , Dmitry Druzhbin, and Tomoo Katsura",2020,10.1029/2019JB019313,olivine,olivine,single crystals,a Cw^b exp(-(c + Pd)/kT)/T + e exp( - (f + Pg)/kt),water_exponent_arrhenious_pressure_invT + arrhenious_pressure,Fei2020,Fei_20[010],full fit,composite,,2,10,1480,2180,18,580,,Withers ,ppm,,,,,Mo-MoO2,[010],11.6,0.4,preexp_log,1.3,0.2,const,5.17176,0.3265,enthalpy,3.2,0.2,volume,2.7,0.2,preexp_log,2.12878,0.3265,enthalpy,-0.2,0.2,,,,,,,,,,,,,,,,,,,,,,,,,,,,
The Effect of Water on Ionic Conductivity in Olivine,"Hongzhan Fei , Dmitry Druzhbin, and Tomoo Katsura",2020,10.1029/2019JB019313,olivine,olivine,single crystals,a Cw^b exp(-(c + Pd)/kT)/T + e exp( - (f + Pg)/kt),water_exponent_arrhenious_pressure_invT + arrhenious_pressure,Fei2020,Fei_20[001],full fit,composite,,2,10,1480,2180,18,580,,Withers ,ppm,,,,,Mo-MoO2,[001],11.8,0.4,preexp_log,1.3,0.2,const,5.0281,0.1959,enthalpy,4.1,0.4,volume,2.7,0.2,preexp_log,1.81534,0.16978,enthalpy,0.5,0.7,,,,,,,,,,,,,,,,,,,,,,,,,,,,
"Orientation-related electrical conductivity of hydrous olivine, clinopyroxene and plagioclase and implications for the structure of the lower continental crust and uppermost mantle",Xiaozhi Yang,2012,10.1016/j.epsl.2011.11.011,olivine,olivine,single crystals,a exp(-b /kT),arrhenious_simple,Yang2012b,yang_12b_Ol[100],full fit,composite,0.1,,,473.15,1073.15,35,40,,bell 2003,ppm,,,,,NNO,[100],0.93,0.26,preexp_log,0.95312,0.04144,enthalpy,,,,,,,,,,,,,,,,,,,,,,,,,,,,,,,,,,,,,,,,,,
"Orientation-related electrical conductivity of hydrous olivine, clinopyroxene and plagioclase and implications for the structure of the lower continental crust and uppermost mantle",Xiaozhi Yang,2012,10.1016/j.epsl.2011.11.011,olivine,olivine,single crystals,a exp(-b /kT),arrhenious_simple,Yang2012b,yang_12b_Ol[010],full fit,composite,0.1,,,473.15,1073.15,35,40,,bell 2003,ppm,,,,,NNO,[010],0.93,0.52,preexp_log,0.95312,0.07252,enthalpy,,,,,,,,,,,,,,,,,,,,,,,,,,,,,,,,,,,,,,,,,,
"Orientation-related electrical conductivity of hydrous olivine, clinopyroxene and plagioclase and implications for the structure of the lower continental crust and uppermost mantle",Xiaozhi Yang,2012,10.1016/j.epsl.2011.11.011,olivine,olivine,single crystals,a exp(-b /kT),arrhenious_simple,Yang2012b,yang_12b_Ol[001],full fit,composite,0.1,,,473.15,1073.15,35,40,,bell 2003,ppm,,,,,NNO,[001],0.38,0.47,preexp_log,0.87024,0.06216,enthalpy,,,,,,,,,,,,,,,,,,,,,,,,,,,,,,,,,,,,,,,,,,
"Orientation-related electrical conductivity of hydrous olivine, clinopyroxene and plagioclase and implications for the structure of the lower continental crust and uppermost mantle",Xiaozhi Yang,2012,10.1016/j.epsl.2011.11.011,clinopyroxene,clinopyroxene,single crystals,a exp(-b /kT),arrhenious_simple,Yang2012b,yang_12b_cpx[100],full fit,composite,0.1,,,473.15,1073.15,655,690,,bell 1995,ppm,,,,,NNO,[100],0.71,0.07,preexp_log,0.6734,0.01036,enthalpy,,,,,,,,,,,,,,,,,,,,,,,,,,,,,,,,,,,,,,,,,,
"Orientation-related electrical conductivity of hydrous olivine, clinopyroxene and plagioclase and implications for the structure of the lower continental crust and uppermost mantle",Xiaozhi Yang,2012,10.1016/j.epsl.2011.11.011,clinopyroxene,clinopyroxene,single crystals,a exp(-b /kT),arrhenious_simple,Yang2012b,yang_12b_cpx[010],full fit,composite,0.1,,,473.15,1073.15,655,690,,bell 1995,ppm,,,,,NNO,[010],0.7,0.07,preexp_log,0.65268,0.01036,enthalpy,,,,,,,,,,,,,,,,,,,,,,,,,,,,,,,,,,,,,,,,,,
"Orientation-related electrical conductivity of hydrous olivine, clinopyroxene and plagioclase and implications for the structure of the lower continental crust and uppermost mantle",Xiaozhi Yang,2012,10.1016/j.epsl.2011.11.011,clinopyroxene,clinopyroxene,single crystals,a exp(-b /kT),arrhenious_simple,Yang2012b,yang_12b_cpx[001],full fit,composite,0.1,,,473.15,1073.15,655,690,,bell 1995,ppm,,,,,NNO,[001],0.58,0.08,preexp_log,0.64232,0.01036,enthalpy,,,,,,,,,,,,,,,,,,,,,,,,,,,,,,,,,,,,,,,,,,
"Orientation-related electrical conductivity of hydrous olivine, clinopyroxene and plagioclase and implications for the structure of the lower continental crust and uppermost mantle",Xiaozhi Yang,2012,10.1016/j.epsl.2011.11.011,plagioclaise,plagioclaise,single crystals,a exp(-b /kT),arrhenious_simple,Yang2012b,yang_12b_plag[100],full fit,composite,0.1,,,473.15,1073.15,95,110,,Johnson and Rossman (2003),ppm,,,,,NNO,[100],2.85,0.24,preexp_log,1.28464,0.04144,enthalpy,,,,,,,,,,,,,,,,,,,,,,,,,,,,,,,,,,,,,,,,,,
"Orientation-related electrical conductivity of hydrous olivine, clinopyroxene and plagioclase and implications for the structure of the lower continental crust and uppermost mantle",Xiaozhi Yang,2012,10.1016/j.epsl.2011.11.011,plagioclaise,plagioclaise,single crystals,a exp(-b /kT),arrhenious_simple,Yang2012b,yang_12b_plag[010],full fit,composite,0.1,,,473.15,1073.15,95,110,,Johnson and Rossman (2003),ppm,,,,,NNO,[010],3.97,0.22,preexp_log,1.3468,0.04144,enthalpy,,,,,,,,,,,,,,,,,,,,,,,,,,,,,,,,,,,,,,,,,,
"Orientation-related electrical conductivity of hydrous olivine, clinopyroxene and plagioclase and implications for the structure of the lower continental crust and uppermost mantle",Xiaozhi Yang,2012,10.1016/j.epsl.2011.11.011,plagioclaise,plagioclaise,single crystals,a exp(-b /kT),arrhenious_simple,Yang2012b,yang_12b_plag[001],full fit,composite,0.1,,,473.15,1073.15,95,110,,Johnson and Rossman (2003),ppm,,,,,NNO,[001],2.8,0.34,preexp_log,1.1914,0.0518,enthalpy,,,,,,,,,,,,,,,,,,,,,,,,,,,,,,,,,,,,,,,,,,
Effect of water on the electrical conductivity of lower crustal clinopyroxene,"Xiaozhi Yang, Hans Keppler, Catherine McCammon, Huaiwei Ni, Qunke Xia,2 and Qicheng Fan3",2011,10.1029/2010JB008010,clinopyroxene,clinopyroxene,dry,a exp(-b /kT),arrhenious_simple,Yang2011,yang_11b_cpx_dry,full fit,single,,0.6,1.2,523.15,1273,0,0,,bell 1995 and paterson,ppm,,,,,NNO,isotropic,2.16,0.27,preexp_log,1.033872,0.0518,enthalpy,,,,,,,,,,,,,,,,,,,,,,,,,,,,,,,,,,,,,,,,,,
Effect of water on the electrical conductivity of lower crustal clinopyroxene,"Xiaozhi Yang, Hans Keppler, Catherine McCammon, Huaiwei Ni, Qunke Xia,2 and Qicheng Fan3",2011,10.1029/2010JB008010,clinopyroxene,clinopyroxene,wet,a exp(-b /kT)+c Cw^d exp( -e /kT),arrhenious_simple+water_exponent_arrhenious,Yang2011,yang_11b_cpx_wet,partial,single,,0.6,1.2,523.15,1273,90,375,,bell 1995 and paterson,ppm,,,,,NNO,isotropic,2.16,0.27,preexp_log,1.033872,0.0518,enthalpy,3.56,0.07,preexp_log,1.13,0.05,const,0.73556,0.010136,enthalpy,,,,,,,,,,,,,,,,,,,,,,,,,,,,,,,,,
Effect of water on the electrical conductivity of lower crustal clinopyroxene,"Xiaozhi Yang, Hans Keppler, Catherine McCammon, Huaiwei Ni, Qunke Xia,2 and Qicheng Fan3",2011,10.1029/2010JB008010,clinopyroxene,clinopyroxene,single crystals,a exp(-b /kT)+c Cw^d exp( -e /kT),arrhenious_simple+water_exponent_arrhenious,Yang2011,yang_11b_cpx_nat,partial,single,,0.6,1.2,523.15,1273,340,340,,bell 1995 and paterson,ppm,,,,,NNO,isotropic,2.16,0.27,preexp_log,1.033872,0.0518,enthalpy,3.74,0.21,preexp_log,1.13,,const,0.750064,0.020272,enthalpy,,,,,,,,,,,,,,,,,,,,,,,,,,,,,,,,,
,,,,,,,,,,,,,,,,,,,,,,,,,,,,,,,,,,,,,,,,,,,,,,,,,,,,,,,,,,,,,,,,,,,,,,,,,,,,
,,,,,,,,,,,,,,,,,,,,,,,,,,,,,,,,,,,,,,,,,,,,,,,,,,,,,,,,,,,,,,,,,,,,,,,,,,,,
,,,,,,,,,,,,,,,,,,,,,,,,,,,,,,,,,,,,,,,,,,,,,,,,,,,,,,,,,,,,,,,,,,,,,,,,,,,,
,,,,,,,,,,,,,,,,,,,,,,,,,,,,,,,,,,,,,,,,,,,,,,,,,,,,,,,,,,,,,,,,,,,,,,,,,,,,
,,,,,,,,,,,,,,,,,,,,,,,,,,,,,,,,,,,,,,,,,,,,,,,,,,,,,,,,,,,,,,,,,,,,,,,,,,,,
,,,,,,,,,,,,,,,,,,,,,,,,,,,,,,,,,,,,,,,,,,,,,,,,,,,,,,,,,,,,,,,,,,,,,,,,,,,,
,,,,,,,,,,,,,,,,,,,,,,,,,,,,,,,,,,,,,,,,,,,,,,,,,,,,,,,,,,,,,,,,,,,,,,,,,,,,