Title,Author,Year,DOI,Phase Type,Description,Sample Type,Equation Form,Eq ID,Publication ID,Entry ID,Complete or Partial Fit,Composite or single,Pressure Average,Pressure Min,Pressure Max,Temp Min,Temp Max,Na2O min,Na2O max,Na2O average,SiO2 min,SiO2 max,SiO2 average,CO2 Min,CO2 Max,CO2 Average,Nacl Min,Nacl Max,Nacl average,Water Min,Water Max,Water Average,water calibration,Water units,Iron Min,Iron Max,Iron Average,Iron units,fO2 buffers used,Crystal Direction,Fitting Comments,a,a_uncertainty,a_description,b,b_uncertainty,b_description,c,c_uncertainty,c_description,d,d_uncertainty,d_description,e,e_uncertainty,e_description,f,f_uncertainty,f_description,g,g_uncertainty,g_description,h,h_uncertainty,h_description,i,i_uncertainty,i_description,j,j_uncertainty,j_description,k,k_uncertainty,k_description,L,L_uncertainty,L_description,m,m_uncertainty,m_description,n,n_uncertainty,n_description,O,O_uncertainty,O_description,p,p_uncertainty,p_description,q,q_uncertainty,q_description,r,r_uncertainty,r_description,s,s_uncertainty,s_description,t,t_uncertainty,t_description,u,u_uncertainty,u_description,v,v_uncertainty,v_description,w,w_uncertainty,w_description,x,x_uncertainty,x_description,y,y_uncertainty,y_description,z,z_uncertainty,z_description,aa,aa_uncertainty,aa_description,ab,ab_uncertainty,ab_description,ac,ac_uncertainty,ac_description,ad,ad_uncertainty,ad_description,ae,ae_uncertainty,ae_description,af,af_uncertainty,af_description,ag,ag_uncertainty,ag_description,ah,ah_uncertainty,ah_description,ai,ai_uncertainty,ai_description,aj,aj_uncertainty,aj_description,ak,ak_uncertainty,ak_description,al,al_uncertainty,al_description,am,am_uncertainty,am_description,an,an_uncertainty,an_description,ao,ao_uncertainty,ao_description,ap,ap_uncertainty,ap_description,aq,aq_uncertainty,aq_description,ar,ar_uncertainty,ar_description,as,as_uncertainty,as_description,at,at_uncertainty,at_description,au,au_uncertainty,au_description,av,av_uncertainty,av_description,aw,aw_uncertainty,aw_description,ax,ax_uncertainty,ax_description,ay,ay_uncertainty,ay_description,az,az_uncertainty,az_description,ba,ba_uncertainty,ba_description,bb,bb_uncertainty,bb_description,bc,bc_uncertainty,bc_description,bd,bd_uncertainty,bd_description,be,be_uncertainty,be_description,bf,bf_uncertainty,bf_description,bg,bg_uncertainty,bg_description,bh,bh_uncertainty,bh_description,bi,bi_uncertainty,bi_description,bj,bj_uncertainty,bj_description,bk,bk_uncertainty,bk_description,bl,bl_uncertainty,bl_description,bm,bm_uncertainty,bm_description,bn,bn_uncertainty,bn_description,bo,bo_uncertainty,bo_description,bp,bp_uncertainty,bp_description,bq,bq_uncertainty,bq_description,br,br_uncertainty,br_description,bs,bs_uncertainty,bs_description,bt,bt_uncertainty,bt_description,bu,bu_uncertainty,bu_description,bv,bv_uncertainty,bv_description,bw,bw_uncertainty,bw_description,bx,bx_uncertainty,bx_description,by,by_uncertainty,by_description,bz,bz_uncertainty,bz_description,ca,ca_uncertainty,ca_description,cb,cb_uncertainty,cb_description,cd,cd_uncertainty,cd_description
Electrical conductivity of dry lower crustal rocks,K. A. Kariya and T. J. Shankland,1983,https://doi.org/10.1190/1.1441407,basalt,basalt,reanalysis,a exp(-b/kT),arrhenius_simple,Karia1983,ks_83_basalt,full fit,single,0.0001,0.0001,0.0001,773.15,1273.15,,,,,,,,,,,,,0,0,,None,wtpct,,,,,several,isotropic,had to multiply the eV's by about ~2.28-2.3 to match publication values,2.4900E+00,2.40E-01,preexp_log,1.00E+00,5.5800E-02,enthalpy,,,,,,,,,,,,,,,,,,,,,,,,,,,,,,,,,,,,,,,,,,,,,,,,,,,,,,,,,,,,,,,,,,,,,,,,,,,,,,,,,,,,,,,,,,,,,,,,,,,,,,,,,,,,,,,,,,,,,,,,,,,,,,,,,,,,,,,,,,,,,,,,,,,,,,,,,,,,,,,,,,,,,,,,,,,,,,,,,,,,,,,,,,,,,,,,,,,,,,,,,,,,,,,,,,,,,,,,,,,,,,,,,,,,,,,,,,,,,
Time-dependent changes of the electrical conductivity of basaltic melts with redox state,"A. Pommier, Gaillard, M. Pichavant",2010,10.1016/j.gca.2009.12.005,basaltic melt,melt,natural whole rock sample,a exp(b/kT) fo2^c,arrhenius_fugacity,Pommier2010,pom_10b_basalt,full fit,single,0.00,,,1473.00,1673.00,,,,,,,,,,,,,,,,,,,,,,,isotropic,,9.4000E+03,,preexp,-3.00E-02,,const,1.2130E+00,,enthalpy,,,,,,,,,,,,,,,,,,,,,,,,,,,,,,,,,,,,,,,,,,,,,,,,,,,,,,,,,,,,,,,,,,,,,,,,,,,,,,,,,,,,,,,,,,,,,,,,,,,,,,,,,,,,,,,,,,,,,,,,,,,,,,,,,,,,,,,,,,,,,,,,,,,,,,,,,,,,,,,,,,,,,,,,,,,,,,,,,,,,,,,,,,,,,,,,,,,,,,,,,,,,,,,,,,,,,,,,,,,,,,,,,,,,,,,,,,
Electrical conductivity of hydrous basaltic melts: implications for partial melting in the upper mantle,"Huaiwei Ni,  Hans Keppler, Harald Behrens",2011,10.1007/s00410-011-0617-4,basaltic melt,hydrous basaltic melt,synthetic oxide glass,a exp( - (b - c Cw^d)/k(T-e)),vft_wet,NiH2011,nih_11_basalt_hydrous,full fit,single,2.00,,,1473.00,1923.00,,,,,,,,,,,,,3000.00,60000,,Karl Fischer Titration,ppm,,,,,,isotropic,mathed parameterization to fit the VFT in exponential form,1.4860E+02,,preexp,1.71E-01,,enthalpy,-4.0567E-04,,const,5.0000E-01,,const,1.14680E+03,,const,,,,,,,,,,,,,,,,,,,,,,,,,,,,,,,,,,,,,,,,,,,,,,,,,,,,,,,,,,,,,,,,,,,,,,,,,,,,,,,,,,,,,,,,,,,,,,,,,,,,,,,,,,,,,,,,,,,,,,,,,,,,,,,,,,,,,,,,,,,,,,,,,,,,,,,,,,,,,,,,,,,,,,,,,,,,,,,,,,,,,,,,,,,,,,,,,,,,,,,,,,,,,,,,,,,,,,,,,,,,,,,,,,,,
The electrical conductivity during incipient melting in the oceanic low-velocity zone,"David Sifré, Emmanuel Gardés, Malcolm Massuyeau, Leila Hashim, Saswata Hier-Majumder, Fabrice Gaillard",2014,10.1038/nature13245,basaltic melt,hydrous and CO2 melt,mixture,exp [{a exp(bCw) +c}h + i] exp(  -{a exp(bCw) +c}/kT)+exp [{d exp(eCw) +f}j + k] exp(  -d exp(eCw) +f}/kT),linked_arrhenius_wet+linked_arrhenius_co2,Sif2014,sifre_14_carb_h_basalt,full fit,single,3.00,,,1173.00,1773.00,,,,,,,10.40,25.90,,,,,0.00,10,,Flash 2000 Thermo-Fischer,wtpct,,,,,C-Co2,isotropic,,8.8774E+04,,preexp,-3.88E-01,,const,7.3029E+04,,enthalpy,4.5400E-05,,const,5.56070E+00,,const,7.89166E+05,,preexp,-1.8080E-01,,const,3.28200E+04,,enthalpy,5.5000E-05,,const,5.7956E+00,,const,,,,,,,,,,,,,,,,,,,,,,,,,,,,,,,,,,,,,,,,,,,,,,,,,,,,,,,,,,,,,,,,,,,,,,,,,,,,,,,,,,,,,,,,,,,,,,,,,,,,,,,,,,,,,,,,,,,,,,,,,,,,,,,,,,,,,,,,,,,,,,,,,,,,,,,,,,,,,,,,,,,,,,,,,,,,,,,,,,,,,,,,,,,,,,,,,,,,,,,,,,,,,,,,,,,,,
Electrical conductivity of hydrous natural basalts at high temperatures and pressures,"Lidong Dai, Jianjun Jiang, Heping Li, Haiying Hu, Keshi Hui",2015,https://doi.org/10.1016/j.jappgeo.2014.12.007,basaltic melt,hydrous basaltic melt,natural basalts,a Cw^b exp( -(c + d C_w^(e) + Pf)/kT)+g Cw^h exp( -(i + j C_w^(k) + PL)/kT),water_preexp_enthalpy_pressure+water_preexp_enthalpy_pressure,Dai2015,dai_15_basalt,full fit,single,2.00,0.50,2.00,823.00,1173.00,,,,,,,,,,,,,0.62,4.19,,SIMS,wtpct,,,,,Ni–NiO,isotropic,"original equation doesn't include a volume term. Adjusting the alpha to 0.3, and fiddling with the preexponentail constants gets something pretty close to the publication graph that includes pressure.",4.5000E+01,5.00E+00,preexp,0.00E+00,,water_exp,1.1400E+00,7.0000E-02,enthalpy,-3.0000E-01,9.0000E-02,const,2.00000E-01,9.0000E-02,const,1.43000E+00,1.5000E-01,volume,3.0000E+01,5.0000E+00,preexp,1.65000E+00,3.0000E-02,exp,1.1400E+00,7.0000E-02,enthalpy,-3.0000E-01,9.0000E-02,const,2.0000E-01,9.0000E-02,const,1.4300E+00,1.5000E-01,volume,,,,,,,,,,,,,,,,,,,,,,,,,,,,,,,,,,,,,,,,,,,,,,,,,,,,,,,,,,,,,,,,,,,,,,,,,,,,,,,,,,,,,,,,,,,,,,,,,,,,,,,,,,,,,,,,,,,,,,,,,,,,,,,,,,,,,,,,,,,,,,,,,,,,,,,,,,,,,,,,,,,,,,,,,,,,,,,,,,,,,,,,,,,,,,,,,,,,,,,,,,,,,,,
Electrical conductivity of NaCl-bearing aqueous fluids to 600 C and 1 Gpa,Ryosuke Sinmyo and Hans Keppler,2017,doi:10.1007/s00410-016-1323-z,brine,NaCl-H2O brine,synthetic brine,a + b/T + c log(NaCl) + d log(rho) + log(e + f*rho + g/T + h/T^2),brinePTdependence,sk2017,sk17_brine,full fit,single,0.5,0,1,373.15,873,,,,,,,,,,0.058,5.8,,,,,,,,,,,,isotropic,Does not Fit below 400 k well. Used the IAPWS95 water standard for density,-1.7060E+00,3.29E-02,const,-9.38E+01,1.8270E+01,const,8.0750E-01,7.5000E-03,const,3.0781E+00,4.4500E-02,const,1.57300E+03,6.7000E+01,const,-1.21200E+03,3.6000E+01,const,5.3706E+05,8.7473E+04,const,-2.08123E+08,2.6033E+07,const,,,,,,,,,,,,,,,,,,,,,,,,,,,,,,,,,,,,,,,,,,,,,,,,,,,,,,,,,,,,,,,,,,,,,,,,,,,,,,,,,,,,,,,,,,,,,,,,,,,,,,,,,,,,,,,,,,,,,,,,,,,,,,,,,,,,,,,,,,,,,,,,,,,,,,,,,,,,,,,,,,,,,,,,,,,,,,,,,,,,,,,,,,,,,,,,,,,,,,,,,,,,,,,,,,,,,,,,,,,
Electrical conductivity of the plagioclase–NaCl–water system and its implication for the high conductivity anomalies in the mid-lower crust of Tibet Plateau,"Ping Li, Xinzhuan Guo1, Sibo Chen, Chao Wang, Junlong Yang,  Xingfan Zhou,",2018,10.1007/s00410-018-1442-9,brine,plag-water-NaCl_ 1% salinity,synthesized,a,single_value,Li2018,Li_18_1%plg_brine,full fit,single,1.00,,,800.00,800.00,,,,,,,,,,,,1.00,,,,,,,,,,,isotropic,,3.6000E-01,,const,,,,,,,,,,,,,,,,,,,,,,,,,,,,,,,,,,,,,,,,,,,,,,,,,,,,,,,,,,,,,,,,,,,,,,,,,,,,,,,,,,,,,,,,,,,,,,,,,,,,,,,,,,,,,,,,,,,,,,,,,,,,,,,,,,,,,,,,,,,,,,,,,,,,,,,,,,,,,,,,,,,,,,,,,,,,,,,,,,,,,,,,,,,,,,,,,,,,,,,,,,,,,,,,,,,,,,,,,,,,,,,,,,,,,,,,,,,,,,,,
Electrical conductivity of the plagioclase–NaCl–water system and its implication for the high conductivity anomalies in the mid-lower crust of Tibet Plateau,"Ping Li, Xinzhuan Guo1, Sibo Chen, Chao Wang, Junlong Yang,  Xingfan Zhou,",2018,10.1007/s00410-018-1442-9,brine,plag-water-NaCl_25% salinity,synthesized,a,single_value,Li2018,Li_18_25%plg_brine,full fit,single,1.00,,,800.00,800.00,,,,,,,,,,,,25.00,,,,,,,,,,,isotropic,,1.5330E+01,,const,,,,,,,,,,,,,,,,,,,,,,,,,,,,,,,,,,,,,,,,,,,,,,,,,,,,,,,,,,,,,,,,,,,,,,,,,,,,,,,,,,,,,,,,,,,,,,,,,,,,,,,,,,,,,,,,,,,,,,,,,,,,,,,,,,,,,,,,,,,,,,,,,,,,,,,,,,,,,,,,,,,,,,,,,,,,,,,,,,,,,,,,,,,,,,,,,,,,,,,,,,,,,,,,,,,,,,,,,,,,,,,,,,,,,,,,,,,,,,,,
Electrical conductivity of the plagioclase–NaCl–water system and its implication for the high conductivity anomalies in the mid-lower crust of Tibet Plateau,"Ping Li, Xinzhuan Guo1, Sibo Chen, Chao Wang, Junlong Yang,  Xingfan Zhou,",2018,10.1007/s00410-018-1442-9,brine,plag-water-NaCl_10%  salinity,synthesized,a,single_value,Li2018,Li_18_10%plg_brine,full fit,single,1.00,,,800.00,800.00,,,,,,,,,,,,10.00,,,,,,,,,,,isotropic,,2.2900E+00,,const,,,,,,,,,,,,,,,,,,,,,,,,,,,,,,,,,,,,,,,,,,,,,,,,,,,,,,,,,,,,,,,,,,,,,,,,,,,,,,,,,,,,,,,,,,,,,,,,,,,,,,,,,,,,,,,,,,,,,,,,,,,,,,,,,,,,,,,,,,,,,,,,,,,,,,,,,,,,,,,,,,,,,,,,,,,,,,,,,,,,,,,,,,,,,,,,,,,,,,,,,,,,,,,,,,,,,,,,,,,,,,,,,,,,,,,,,,,,,,,,
Electrical conductivity of the plagioclase–NaCl–water system and its implication for the high conductivity anomalies in the mid-lower crust of Tibet Plateau,"Ping Li, Xinzhuan Guo1, Sibo Chen, Chao Wang, Junlong Yang,  Xingfan Zhou,",2018,10.1007/s00410-018-1442-9,brine,albite-water-Nacl_3% salinity,synthesized,a,single_value,Li2018,Li_18_3%alb_brine,full fit,single,1.00,,,800.00,800.00,,,,,,,,,,,,3.00,,,,,,,,,,,isotropic,,1.2500E+01,,const,,,,,,,,,,,,,,,,,,,,,,,,,,,,,,,,,,,,,,,,,,,,,,,,,,,,,,,,,,,,,,,,,,,,,,,,,,,,,,,,,,,,,,,,,,,,,,,,,,,,,,,,,,,,,,,,,,,,,,,,,,,,,,,,,,,,,,,,,,,,,,,,,,,,,,,,,,,,,,,,,,,,,,,,,,,,,,,,,,,,,,,,,,,,,,,,,,,,,,,,,,,,,,,,,,,,,,,,,,,,,,,,,,,,,,,,,,,,,,,,
Electrical conductivity of the plagioclase–NaCl–water system and its implication for the high conductivity anomalies in the mid-lower crust of Tibet Plateau,"Ping Li, Xinzhuan Guo1, Sibo Chen, Chao Wang, Junlong Yang,  Xingfan Zhou,",2018,10.1007/s00410-018-1442-9,brine,albite-water-Nacl_10% salinity,synthesized,a,single_value,Li2018,Li_18_10%alb_brine,full fit,single,1.00,,,800.00,800.00,,,,,,,,,,,,10.00,,,,,,,,,,,isotropic,,5.5000E+01,,const,,,,,,,,,,,,,,,,,,,,,,,,,,,,,,,,,,,,,,,,,,,,,,,,,,,,,,,,,,,,,,,,,,,,,,,,,,,,,,,,,,,,,,,,,,,,,,,,,,,,,,,,,,,,,,,,,,,,,,,,,,,,,,,,,,,,,,,,,,,,,,,,,,,,,,,,,,,,,,,,,,,,,,,,,,,,,,,,,,,,,,,,,,,,,,,,,,,,,,,,,,,,,,,,,,,,,,,,,,,,,,,,,,,,,,,,,,,,,,,,
Electrical Conductivity of NaCl-Bearing Aqueous Fluids to 900 °C and 5 GPa,"Haihao Guo, Hans Keppler",2019,https://doi.org/10.1029/2018JB016658,brine,NaCl-H2O brine,synthetic brine,a + b/T + c log(NaCl) + d log(rho) + log(e + f*rho + g/T + h/T^2),brinePTdependence,gk2019,gk19_brine,full fit,single,3,1,5,575.15,1175.15,,,,,,,,,,0.058,5.8,,,,,,,,,,,,isotropic,does not fit as well below 1GPa and 575 k,-9.1874E-01,8.30E-02,const,-8.72E+02,6.9900E+01,const,8.5200E-01,2.8000E-02,const,7.6076E+00,3.4000E-01,const,1.57300E+03,6.7000E+01,const,-1.21200E+03,3.6000E+01,const,5.3706E+05,8.7473E+04,const,-2.08123E+08,2.6033E+07,const,,,,,,,,,,,,,,,,,,,,,,,,,,,,,,,,,,,,,,,,,,,,,,,,,,,,,,,,,,,,,,,,,,,,,,,,,,,,,,,,,,,,,,,,,,,,,,,,,,,,,,,,,,,,,,,,,,,,,,,,,,,,,,,,,,,,,,,,,,,,,,,,,,,,,,,,,,,,,,,,,,,,,,,,,,,,,,,,,,,,,,,,,,,,,,,,,,,,,,,,,,,,,,,,,,,,,,,,,,,
Electrical conductivity of diopside: Evidence for oxygen vacancies ,J.Stephen Huebner and Donald E. Voight,1988,0003-004x/88/ 1112-1235$02.00 ,clinopyroxene,diopside,natural single crystal,10**(a - b/kT + c log(fo2)),arrhenius_log_fO2,HuebnerVoight1988,huebner88_dk7_cpx[100],full fit,composite,0.00,,,1073.00,1473.00,,,,,,,,,,,,,,,,,,0.027,0.027,0.027,,Co-Co2 mixture,[100],,1.4300E+00,,preexp,1.09E+04,,enthalpy,-1.8000E-01,6.5000E-03,const,,,,,,,,,,,,,,,,,,,,,,,,,,,,,,,,,,,,,,,,,,,,,,,,,,,,,,,,,,,,,,,,,,,,,,,,,,,,,,,,,,,,,,,,,,,,,,,,,,,,,,,,,,,,,,,,,,,,,,,,,,,,,,,,,,,,,,,,,,,,,,,,,,,,,,,,,,,,,,,,,,,,,,,,,,,,,,,,,,,,,,,,,,,,,,,,,,,,,,,,,,,,,,,,,,,,,,,,,,,,,,,,,,,,,,,,,,
Electrical conductivity of diopside: Evidence for oxygen vacancies ,J.Stephen Huebner and Donald E. Voight,1988,0003-004x/88/ 1112-1235$02.00 ,clinopyroxene,diopside,natural single crystal,10**(a - b/kT + c log(fo2)),arrhenius_log_fO2,HuebnerVoight1988,huebner88_dk7_cpx[010],full fit,composite,0.00,,,1073.00,1473.00,,,,,,,,,,,,,,,,,,0.027,0.027,0.027,,Co-Co2 mixture,[010],,8.8000E-01,,preexp,1.02E+04,,enthalpy,-1.2000E-01,8.5000E-03,const,,,,,,,,,,,,,,,,,,,,,,,,,,,,,,,,,,,,,,,,,,,,,,,,,,,,,,,,,,,,,,,,,,,,,,,,,,,,,,,,,,,,,,,,,,,,,,,,,,,,,,,,,,,,,,,,,,,,,,,,,,,,,,,,,,,,,,,,,,,,,,,,,,,,,,,,,,,,,,,,,,,,,,,,,,,,,,,,,,,,,,,,,,,,,,,,,,,,,,,,,,,,,,,,,,,,,,,,,,,,,,,,,,,,,,,,,,
Electrical conductivity of diopside: Evidence for oxygen vacancies ,J.Stephen Huebner and Donald E. Voight,1988,0003-004x/88/ 1112-1235$02.00 ,clinopyroxene,diopside,natural single crystal,10**(a - b/kT + c log(fo2)),arrhenius_log_fO2,HuebnerVoight1988,huebner88_dk7_cpx[001],full fit,composite,0.00,,,1073.00,1473.00,,,,,,,,,,,,,,,,,,0.027,0.027,0.027,,Co-Co2 mixture,[001],,1.5800E+00,,preexp,1.11E+04,,enthalpy,-1.5000E-01,4.8000E-03,const,,,,,,,,,,,,,,,,,,,,,,,,,,,,,,,,,,,,,,,,,,,,,,,,,,,,,,,,,,,,,,,,,,,,,,,,,,,,,,,,,,,,,,,,,,,,,,,,,,,,,,,,,,,,,,,,,,,,,,,,,,,,,,,,,,,,,,,,,,,,,,,,,,,,,,,,,,,,,,,,,,,,,,,,,,,,,,,,,,,,,,,,,,,,,,,,,,,,,,,,,,,,,,,,,,,,,,,,,,,,,,,,,,,,,,,,,,
Electrical conductivity of diopside: Evidence for oxygen vacancies ,J.Stephen Huebner and Donald E. Voight,1988,0003-004x/88/ 1112-1235$02.00 ,clinopyroxene,diopside,natural single crystal,10**(a - b/kT + c log(fo2)),arrhenius_log_fO2,HuebnerVoight1988,huebner88_mal_cpx[100],full fit,composite,0.00,,,1123.00,1493.00,,,,,,,,,,,,,,,,,,0.127,0.127,0.127,,Co-Co2 mixture,[100],,-8.9000E-01,,preexp,4.64E+03,,enthalpy,-3.2600E-02,3.7000E-03,const,,,,,,,,,,,,,,,,,,,,,,,,,,,,,,,,,,,,,,,,,,,,,,,,,,,,,,,,,,,,,,,,,,,,,,,,,,,,,,,,,,,,,,,,,,,,,,,,,,,,,,,,,,,,,,,,,,,,,,,,,,,,,,,,,,,,,,,,,,,,,,,,,,,,,,,,,,,,,,,,,,,,,,,,,,,,,,,,,,,,,,,,,,,,,,,,,,,,,,,,,,,,,,,,,,,,,,,,,,,,,,,,,,,,,,,,,,
Electrical conductivity of diopside: Evidence for oxygen vacancies ,J.Stephen Huebner and Donald E. Voight,1988,0003-004x/88/ 1112-1235$02.00 ,clinopyroxene,diopside,natural single crystal,10**(a - b/kT + c log(fo2)),arrhenius_log_fO2,HuebnerVoight1988,huebner88_mal_cpx[010],full fit,composite,0.00,,,1123.00,1493.00,,,,,,,,,,,,,,,,,,0.127,0.127,0.127,,Co-Co2 mixture,[010],,-2.5200E-01,,preexp,5.27E+03,,enthalpy,-1.8400E-02,4.4000E-03,const,,,,,,,,,,,,,,,,,,,,,,,,,,,,,,,,,,,,,,,,,,,,,,,,,,,,,,,,,,,,,,,,,,,,,,,,,,,,,,,,,,,,,,,,,,,,,,,,,,,,,,,,,,,,,,,,,,,,,,,,,,,,,,,,,,,,,,,,,,,,,,,,,,,,,,,,,,,,,,,,,,,,,,,,,,,,,,,,,,,,,,,,,,,,,,,,,,,,,,,,,,,,,,,,,,,,,,,,,,,,,,,,,,,,,,,,,,
Electrical conductivity of orthopyroxene and its high pressure phases,Yousheng Xu and Thomas J. Shankland,1999,10.1029/1999GL008378,clinopyroxene,clinopyroxene,synthetic,a exp(-b /kT),arrhenius_simple,xu1999,xu_1999_cpx,full fit,single,13.00,,,1273.00,1673.00,,,,,,,,,,,,,,,,,,,,,,Mo–MoO2 ,isotropic,,3.2500E+00,7.00E-02,preexp_log,1.87E+00,2.0000E-02,enthalpy,,,,,,,,,,,,,,,,,,,,,,,,,,,,,,,,,,,,,,,,,,,,,,,,,,,,,,,,,,,,,,,,,,,,,,,,,,,,,,,,,,,,,,,,,,,,,,,,,,,,,,,,,,,,,,,,,,,,,,,,,,,,,,,,,,,,,,,,,,,,,,,,,,,,,,,,,,,,,,,,,,,,,,,,,,,,,,,,,,,,,,,,,,,,,,,,,,,,,,,,,,,,,,,,,,,,,,,,,,,,,,,,,,,,,,,,,,,,,
Effect of water on the electrical conductivity of lower crustal clinopyroxene,"Xiaozhi Yang, Hans Keppler, Catherine McCammon, Huaiwei Ni, Qunke Xia,2 and Qicheng Fan3",2011,10.1029/2010JB008010,clinopyroxene,clinopyroxene,dry,a exp(-b /kT),arrhenius_simple,Yang2011b,yang_11b_dry_cpx,full fit,single,,0.60,1.20,523.15,1273.00,,,,,,,,,,,,,0.00,0,,bell (1995),wtpct,,,,,NNO,isotropic,,2.1600E+00,2.70E-01,preexp_log,1.03E+00,5.1800E-02,enthalpy,,,,,,,,,,,,,,,,,,,,,,,,,,,,,,,,,,,,,,,,,,,,,,,,,,,,,,,,,,,,,,,,,,,,,,,,,,,,,,,,,,,,,,,,,,,,,,,,,,,,,,,,,,,,,,,,,,,,,,,,,,,,,,,,,,,,,,,,,,,,,,,,,,,,,,,,,,,,,,,,,,,,,,,,,,,,,,,,,,,,,,,,,,,,,,,,,,,,,,,,,,,,,,,,,,,,,,,,,,,,,,,,,,,,,,,,,,,,,
Effect of water on the electrical conductivity of lower crustal clinopyroxene,"Xiaozhi Yang, Hans Keppler, Catherine McCammon, Huaiwei Ni, Qunke Xia,2 and Qicheng Fan3",2011,10.1029/2010JB008010,clinopyroxene,clinopyroxene,wet,a exp(-b /kT)+c Cw^d exp( -e /kT),arrhenius_simple+water_exponent_arrhenius,Yang2011b,yang_11b_wet_cpx,partial,single,,0.60,1.20,523.15,1273.00,,,,,,,,,,,,,0.01,0.0375,,bell (1995),wtpct,,,,,NNO,isotropic,,2.1600E+00,2.70E-01,preexp_log,1.03E+00,5.1800E-02,enthalpy,3.56,7.0000E-02,preexp_log,1.1300E+00,5.0000E-02,const,7.35560E-01,1.0136E-02,enthalpy,,,,,,,,,,,,,,,,,,,,,,,,,,,,,,,,,,,,,,,,,,,,,,,,,,,,,,,,,,,,,,,,,,,,,,,,,,,,,,,,,,,,,,,,,,,,,,,,,,,,,,,,,,,,,,,,,,,,,,,,,,,,,,,,,,,,,,,,,,,,,,,,,,,,,,,,,,,,,,,,,,,,,,,,,,,,,,,,,,,,,,,,,,,,,,,,,,,,,,,,,,,,,,,,,,,,,,,,,,,,,,,,,,,,
Effect of water on the electrical conductivity of lower crustal clinopyroxene,"Xiaozhi Yang, Hans Keppler, Catherine McCammon, Huaiwei Ni, Qunke Xia,2 and Qicheng Fan3",2011,10.1029/2010JB008010,clinopyroxene,clinopyroxene,single crystals,a exp(-b /kT)+c Cw^d exp( -e /kT),arrhenius_simple+water_exponent_arrhenius,Yang2011b,yang_11b_nat_cpx,partial,single,,0.60,1.20,523.15,1273.00,,,,,,,,,,,,,0.03,0.034,,bell (1995),wtpct,,,,,NNO,isotropic,,2.1600E+00,2.70E-01,preexp_log,1.03E+00,5.1800E-02,enthalpy,3.7400E+00,2.1000E-01,preexp_log,1.1300E+00,,const,7.50064E-01,2.0272E-02,enthalpy,,,,,,,,,,,,,,,,,,,,,,,,,,,,,,,,,,,,,,,,,,,,,,,,,,,,,,,,,,,,,,,,,,,,,,,,,,,,,,,,,,,,,,,,,,,,,,,,,,,,,,,,,,,,,,,,,,,,,,,,,,,,,,,,,,,,,,,,,,,,,,,,,,,,,,,,,,,,,,,,,,,,,,,,,,,,,,,,,,,,,,,,,,,,,,,,,,,,,,,,,,,,,,,,,,,,,,,,,,,,,,,,,,,,
Fe3+-rich augite and high electrical conductivity in the deep lithosphere,Xiaozhi Yang and Catherine McCammon,2012,10.1130/G32725.1,clinopyroxene,augite,single crystal and polycrystal,a exp(-b /kT),arrhenius_simple,YangMcCammon2012,ymcc_12_dry_cpx,full fit,single,1.20,,,723.00,1273.00,,,,,,,,,,,,,0.00,0,0,kovács (2008),ppm,,,,,,isotropic,,1.9500E+00,1.15E-01,preexp_log,9.17E-01,1.0360E-02,enthalpy,,,,,,,,,,,,,,,,,,,,,,,,,,,,,,,,,,,,,,,,,,,,,,,,,,,,,,,,,,,,,,,,,,,,,,,,,,,,,,,,,,,,,,,,,,,,,,,,,,,,,,,,,,,,,,,,,,,,,,,,,,,,,,,,,,,,,,,,,,,,,,,,,,,,,,,,,,,,,,,,,,,,,,,,,,,,,,,,,,,,,,,,,,,,,,,,,,,,,,,,,,,,,,,,,,,,,,,,,,,,,,,,,,,,,,,,,,,,,
Fe3+-rich augite and high electrical conductivity in the deep lithosphere,Xiaozhi Yang and Catherine McCammon,2012,10.1130/G32725.1,clinopyroxene,augite,polycrystalline,a Cw^b exp( -c /kT),water_exponent_arrhenius,YangMcCammon2012,ymcc_12_wet_cpx,full fit,single,1.20,,,323.00,1373.00,,,,,,,,,,,,,0.01,0.027,,kovács (2008),wtpct,,,,,,isotropic,original exponent is 0.94. Better correspondence is had with 0.97,3.6700E+00,1.35E-01,preexp_log,9.70E-01,6.0000E-02,exponent,7.4620E-01,1.5500E-02,enthalpy,,,,,,,,,,,,,,,,,,,,,,,,,,,,,,,,,,,,,,,,,,,,,,,,,,,,,,,,,,,,,,,,,,,,,,,,,,,,,,,,,,,,,,,,,,,,,,,,,,,,,,,,,,,,,,,,,,,,,,,,,,,,,,,,,,,,,,,,,,,,,,,,,,,,,,,,,,,,,,,,,,,,,,,,,,,,,,,,,,,,,,,,,,,,,,,,,,,,,,,,,,,,,,,,,,,,,,,,,,,,,,,,,,,,,,,,,,
"Orientation-related electrical conductivity of hydrous olivine, clinopyroxene and plagioclase and implications for the structure of the lower continental crust and uppermost mantle",Xiaozhi Yang,2012,10.1016/j.epsl.2011.11.011,clinopyroxene,clinopyroxene,single crystals,a exp(-b /kT),arrhenius_simple,Yang2012,yang_12b_cpx[100],full fit,composite,0.10,,,473.15,1073.15,,,,,,,,,,,,,655.00,690,,bell (1995),ppm,,,,,NNO,[100],preexp increased upwards to match graph.,8.5000E-01,7.00E-02,preexp_log,6.74E-01,1.0360E-02,enthalpy,,,,,,,,,,,,,,,,,,,,,,,,,,,,,,,,,,,,,,,,,,,,,,,,,,,,,,,,,,,,,,,,,,,,,,,,,,,,,,,,,,,,,,,,,,,,,,,,,,,,,,,,,,,,,,,,,,,,,,,,,,,,,,,,,,,,,,,,,,,,,,,,,,,,,,,,,,,,,,,,,,,,,,,,,,,,,,,,,,,,,,,,,,,,,,,,,,,,,,,,,,,,,,,,,,,,,,,,,,,,,,,,,,,,,,,,,,,,,
"Orientation-related electrical conductivity of hydrous olivine, clinopyroxene and plagioclase and implications for the structure of the lower continental crust and uppermost mantle",Xiaozhi Yang,2012,10.1016/j.epsl.2011.11.011,clinopyroxene,clinopyroxene,single crystals,a exp(-b /kT),arrhenius_simple,Yang2012,yang_12b_cpx[010],full fit,composite,0.10,,,473.15,1073.15,,,,,,,,,,,,,655.00,690,,bell (1995),ppm,,,,,NNO,[010],preexp increased upwards to match graph.,7.5000E-01,7.00E-02,preexp_log,6.53E-01,1.0360E-02,enthalpy,,,,,,,,,,,,,,,,,,,,,,,,,,,,,,,,,,,,,,,,,,,,,,,,,,,,,,,,,,,,,,,,,,,,,,,,,,,,,,,,,,,,,,,,,,,,,,,,,,,,,,,,,,,,,,,,,,,,,,,,,,,,,,,,,,,,,,,,,,,,,,,,,,,,,,,,,,,,,,,,,,,,,,,,,,,,,,,,,,,,,,,,,,,,,,,,,,,,,,,,,,,,,,,,,,,,,,,,,,,,,,,,,,,,,,,,,,,,,
"Orientation-related electrical conductivity of hydrous olivine, clinopyroxene and plagioclase and implications for the structure of the lower continental crust and uppermost mantle",Xiaozhi Yang,2012,10.1016/j.epsl.2011.11.011,clinopyroxene,clinopyroxene,single crystals,a exp(-b /kT),arrhenius_simple,Yang2012,yang_12b_cpx[001],full fit,composite,0.10,,,473.15,1073.15,,,,,,,,,,,,,655.00,690,,bell (1995),ppm,,,,,NNO,[001],preexp increased upwards to match graph.,7.2000E-01,8.00E-02,preexp_log,6.43E-01,1.0360E-02,enthalpy,,,,,,,,,,,,,,,,,,,,,,,,,,,,,,,,,,,,,,,,,,,,,,,,,,,,,,,,,,,,,,,,,,,,,,,,,,,,,,,,,,,,,,,,,,,,,,,,,,,,,,,,,,,,,,,,,,,,,,,,,,,,,,,,,,,,,,,,,,,,,,,,,,,,,,,,,,,,,,,,,,,,,,,,,,,,,,,,,,,,,,,,,,,,,,,,,,,,,,,,,,,,,,,,,,,,,,,,,,,,,,,,,,,,,,,,,,,,,
Electrical conductivity of dry lower crustal rocks,K. A. Kariya and T. J. Shankland,1983,https://doi.org/10.1190/1.1441407,gabbro,granite ,reanalysis,a exp(-b/kT),arrhenius_simple,Karia1983,ks_83_gabbro,full fit,single,0.0001,0.0001,0.0001,773.15,1273.15,,,,,,,,,,,,,0,0,,None,wtpct,,,,,several,isotropic,had to multiply the eV's by about ~2.28-2.3 to match publication values,1.4800E+00,3.50E-01,preexp_log,9.60E-01,7.9050E-02,enthalpy,,,,,,,,,,,,,,,,,,,,,,,,,,,,,,,,,,,,,,,,,,,,,,,,,,,,,,,,,,,,,,,,,,,,,,,,,,,,,,,,,,,,,,,,,,,,,,,,,,,,,,,,,,,,,,,,,,,,,,,,,,,,,,,,,,,,,,,,,,,,,,,,,,,,,,,,,,,,,,,,,,,,,,,,,,,,,,,,,,,,,,,,,,,,,,,,,,,,,,,,,,,,,,,,,,,,,,,,,,,,,,,,,,,,,,,,,,,,,
Electrical conductivity of orthopyroxene and its high pressure phases,Yousheng Xu and Thomas J. Shankland,1999,10.1029/1999GL008378,garnet,illmenite+garnet,synthetic,a exp(-b /kT),arrhenius_simple,xu1999,xu_1999_ill+gt,full fit,single,21.00,21.00,21.00,1473.00,1773.00,,,,,,,,,,,,,,,,,,,,,,Mo–MoO2 ,isotropic,,3.3500E+00,1.00E-01,preexp_log,1.66E+00,3.0000E-01,enthalpy,,,,,,,,,,,,,,,,,,,,,,,,,,,,,,,,,,,,,,,,,,,,,,,,,,,,,,,,,,,,,,,,,,,,,,,,,,,,,,,,,,,,,,,,,,,,,,,,,,,,,,,,,,,,,,,,,,,,,,,,,,,,,,,,,,,,,,,,,,,,,,,,,,,,,,,,,,,,,,,,,,,,,,,,,,,,,,,,,,,,,,,,,,,,,,,,,,,,,,,,,,,,,,,,,,,,,,,,,,,,,,,,,,,,,,,,,,,,,
Electrical conductivity of majorite garnet and its implications for electrical structure in the mantle transition zone,"Takashi Yoshino, Masayuki Nishi,Takuya Matsuzaki,, Daisuke Yamazaki , Tomoo Katsura ",2008,10.1016/j.pepi.2008.04.009,garnet, pyr-ol majorite,synthesized,a exp(-b /kT),arrhenius_simple,Yoshino2008a,ys_08_lowT_mj_gt,full fit,single,18.00,18.00,18.00,1000.00,1500.00,,,,,,,,,,,,,,,,,,,,,,Mo-MoO2,isotropic,"data table specifies simga0 as 340, but the graph requires a sigma of 240 to match the data",2.4000E+02,,preexp,1.37E+00,,enthalpy,,,,,,,,,,,,,,,,,,,,,,,,,,,,,,,,,,,,,,,,,,,,,,,,,,,,,,,,,,,,,,,,,,,,,,,,,,,,,,,,,,,,,,,,,,,,,,,,,,,,,,,,,,,,,,,,,,,,,,,,,,,,,,,,,,,,,,,,,,,,,,,,,,,,,,,,,,,,,,,,,,,,,,,,,,,,,,,,,,,,,,,,,,,,,,,,,,,,,,,,,,,,,,,,,,,,,,,,,,,,,,,,,,,,,,,,,,,,,
Electrical conductivity of majorite garnet and its implications for electrical structure in the mantle transition zone,"Takashi Yoshino, Masayuki Nishi,Takuya Matsuzaki,, Daisuke Yamazaki , Tomoo Katsura ",2008,10.1016/j.pepi.2008.04.009,garnet, pyr-ol majorite,synthesized,a exp(-b /kT),arrhenius_simple,Yoshino2008a,ys_08_highT_mj_gt,full fit,single,18.00,18.00,18.00,1600.00,1900.00,,,,,,,,,,,,,,,,,,,,,,Mo-MoO2,isotropic,"data table specifies simga0 as 2762, but the graph requires a sigma of log10(sigma0)=3.3 to match the data",3.3000E+00,,preexp_log,1.63E+00,,enthalpy,,,,,,,,,,,,,,,,,,,,,,,,,,,,,,,,,,,,,,,,,,,,,,,,,,,,,,,,,,,,,,,,,,,,,,,,,,,,,,,,,,,,,,,,,,,,,,,,,,,,,,,,,,,,,,,,,,,,,,,,,,,,,,,,,,,,,,,,,,,,,,,,,,,,,,,,,,,,,,,,,,,,,,,,,,,,,,,,,,,,,,,,,,,,,,,,,,,,,,,,,,,,,,,,,,,,,,,,,,,,,,,,,,,,,,,,,,,,,
Electrical conductivity of majorite garnet and its implications for electrical structure in the mantle transition zone,"Takashi Yoshino, Masayuki Nishi,Takuya Matsuzaki,, Daisuke Yamazaki , Tomoo Katsura ",2008,10.1016/j.pepi.2008.04.009,garnet, pyr-ol majorite,synthesized,a exp(-b /kT),arrhenius_simple+arrhenius_simple,Yoshino2008a,ys_08_mixedT_mj_gt,full fit,single,18.00,18.00,18.00,1000.00,1900.00,,,,,,,,,,,,,,,,,,,,,,Mo-MoO2,isotropic,mixed high-low mechanisms. Preexp adjusted to match graph,2.9000E+00,,preexp_log,1.63E+00,,enthalpy,1.8000E+02,,preexp,1.3700E+00,,enthalpy,,,,,,,,,,,,,,,,,,,,,,,,,,,,,,,,,,,,,,,,,,,,,,,,,,,,,,,,,,,,,,,,,,,,,,,,,,,,,,,,,,,,,,,,,,,,,,,,,,,,,,,,,,,,,,,,,,,,,,,,,,,,,,,,,,,,,,,,,,,,,,,,,,,,,,,,,,,,,,,,,,,,,,,,,,,,,,,,,,,,,,,,,,,,,,,,,,,,,,,,,,,,,,,,,,,,,,,,,,,,,,,,,,,,,,,
Electrical conductivity of majorite garnet and its implications for electrical structure in the mantle transition zone,"Takashi Yoshino, Masayuki Nishi,Takuya Matsuzaki,, Daisuke Yamazaki , Tomoo Katsura ",2008,10.1016/j.pepi.2008.04.009,garnet,morb majorite,synthesized,a exp(-b /kT),arrhenius_simple,Yoshino2008a,ys_08_morb_mj_gt,full fit,single,18.00,18.00,18.00,700.00,2000.00,,,,,,,,,,,,,,,,,,,,,,Mo-MoO2,isotropic,preexp increased upwards to match graph. Publication lists 1254,1.6000E+03,,preexp,1.38E+00,,enthalpy,,,,,,,,,,,,,,,,,,,,,,,,,,,,,,,,,,,,,,,,,,,,,,,,,,,,,,,,,,,,,,,,,,,,,,,,,,,,,,,,,,,,,,,,,,,,,,,,,,,,,,,,,,,,,,,,,,,,,,,,,,,,,,,,,,,,,,,,,,,,,,,,,,,,,,,,,,,,,,,,,,,,,,,,,,,,,,,,,,,,,,,,,,,,,,,,,,,,,,,,,,,,,,,,,,,,,,,,,,,,,,,,,,,,,,,,,,,,,
Electrical conductivity of pyrope-rich garnet at high temperature and high pressure,"Lidong Dai, Shun-ichiro Karato",2009,10.1016/j.pepi.2009.04.002,garnet,garnet,single crystals,a Cw^b exp( -h +P*V/kT),water_exponent_arrhenius_pressure,DaiKarato2009b,dai_09_wet_gt,full fit,single,,4.00,16.00,873.00,1473.00,,,,,,,,,,,,,0.00,0.04746,,paterson (1982),wtpct,,,,,Mo-MoO2,isotropic,Fitted curves don't match data trends. Linear fits are probably not from fitted equations. New constants fit the slopes but are about 0.1-0.2 log units misfit at lower water contents. Overpredicts at low water contents.,1.0000E+03,7.00E+02,preexp,6.30E-01,1.9000E-01,exponent,8.3000E-01,5.1821E-02,enthalpy,-5.7000E-01,5.0000E-02,volume,,,,,,,,,,,,,,,,,,,,,,,,,,,,,,,,,,,,,,,,,,,,,,,,,,,,,,,,,,,,,,,,,,,,,,,,,,,,,,,,,,,,,,,,,,,,,,,,,,,,,,,,,,,,,,,,,,,,,,,,,,,,,,,,,,,,,,,,,,,,,,,,,,,,,,,,,,,,,,,,,,,,,,,,,,,,,,,,,,,,,,,,,,,,,,,,,,,,,,,,,,,,,,,,,,,,,,,,,,,,,,,,,,,,,,,
Electrical conductivity of pyrope-rich garnet at high temperature and high pressure,"Lidong Dai, Shun-ichiro Karato",2009,10.1016/j.pepi.2009.04.002,garnet,garnet,single crystals,A0(1 - B*P) exp( -h +P*V/kT),arrhenius_preexp_parameterized,DaiKarato2009b,dai_09_dry_gt,full fit,single,,4.00,8.00,873.00,1473.00,,,,,,,,,,,,,,,,,,,,,,Mo-MoO2,isotropic,Plot says its for 8 Gpa but equation works only when P=5,1.0360E+03,2.36E+02,preexp,4.40E-02,7.0000E-03,const,1.3266E+00,6.2186E-02,enthalpy,2.5000E+00,4.8000E-01,volume,,,,,,,,,,,,,,,,,,,,,,,,,,,,,,,,,,,,,,,,,,,,,,,,,,,,,,,,,,,,,,,,,,,,,,,,,,,,,,,,,,,,,,,,,,,,,,,,,,,,,,,,,,,,,,,,,,,,,,,,,,,,,,,,,,,,,,,,,,,,,,,,,,,,,,,,,,,,,,,,,,,,,,,,,,,,,,,,,,,,,,,,,,,,,,,,,,,,,,,,,,,,,,,,,,,,,,,,,,,,,,,,,,,,,,,
The effect of chemical composition and oxygen fugacity on the electrical conductivity of dry and hydrous garnet at high temperatures and pressures,"Lidong Dai, Heping Li, Haiying Hu, Shuangming Shan, Jianjun Jiang, Keshi Hui",2012,10.1007/s00410-011-0693-5,garnet,garnet,sintered and single crystal,log10(a + b*log10 fO2 + c/T),arrhenius_logfO2_2,Dai_gt_2012,dai_12_dry_gt,full fit,single,2.00,2.00,2.00,873.00,1273.00,,,,,,,,,,,,,0.00,0,0,,ppm,,,,,several,isotropic,"Eqn only works if offset temp + 110, ends at 1375, incremebts by 60, and fO2 is multiplied by 0.8",2.2300E+00,6.30E-02,const,6.10E-02,2.0000E-03,const,-6.0920E+03,9.4000E+01,const,,,,,,,,,,,,,,,,,,,,,,,,,,,,,,,,,,,,,,,,,,,,,,,,,,,,,,,,,,,,,,,,,,,,,,,,,,,,,,,,,,,,,,,,,,,,,,,,,,,,,,,,,,,,,,,,,,,,,,,,,,,,,,,,,,,,,,,,,,,,,,,,,,,,,,,,,,,,,,,,,,,,,,,,,,,,,,,,,,,,,,,,,,,,,,,,,,,,,,,,,,,,,,,,,,,,,,,,,,,,,,,,,,,,,,,,,,
The effect of chemical composition and oxygen fugacity on the electrical conductivity of dry and hydrous garnet at high temperatures and pressures,"Lidong Dai, Heping Li, Haiying Hu, Shuangming Shan, Jianjun Jiang, Keshi Hui",2012,10.1007/s00410-011-0693-5,garnet,garnet_hydrous,sintered and single crystal,log10(a + b*log10 fO2 + c/T),arrhenius_logfO2_2,Dai_gt_2012,dai_12_wet_gt,full fit,single,,1.00,4.00,873.00,1273.00,,,,,,,,,,,,,465.00,465,465,,ppm,,,,,several,isotropic,"Eqn only works if offset temp by +120, increments by 60, T goes up to 1473, and fO2 is multiplied by 0.7. ",2.2700E+00,3.20E-02,const,-7.10E-02,1.0000E-03,const,-6.4750E+03,4.8000E+01,const,,,,,,,,,,,,,,,,,,,,,,,,,,,,,,,,,,,,,,,,,,,,,,,,,,,,,,,,,,,,,,,,,,,,,,,,,,,,,,,,,,,,,,,,,,,,,,,,,,,,,,,,,,,,,,,,,,,,,,,,,,,,,,,,,,,,,,,,,,,,,,,,,,,,,,,,,,,,,,,,,,,,,,,,,,,,,,,,,,,,,,,,,,,,,,,,,,,,,,,,,,,,,,,,,,,,,,,,,,,,,,,,,,,,,,,,,,
Electrical conductivity of Alm82Py15Grs3 almandine-rich garnet determined by impedance spectroscopy at high temperatures and high pressures,"Lidong Dai, Heping Li, Haiying Hu, Jianjun Jiang, Keshi Hui,, Shuangming Shan",2013,10.1016/j.tecto.2013.07.004,garnet,garnet,single crystal,a exp( - (b + Pc)/kt),arrhenius_pressure,Dai_gt_2013,dai_13_alm_dry_gt,full fit,single,,1.00,3.00,973.00,1273.00,,,,,,,,,,,,,0.00,0,0,paterson (1982),ppm,,,,,NNO,isotropic,,3.1100E+00,3.61E-02,preexp_log,1.29E+00,1.2000E-01,enthalpy,2.0100E+00,5.7000E-01,volume,,,,,,,,,,,,,,,,,,,,,,,,,,,,,,,,,,,,,,,,,,,,,,,,,,,,,,,,,,,,,,,,,,,,,,,,,,,,,,,,,,,,,,,,,,,,,,,,,,,,,,,,,,,,,,,,,,,,,,,,,,,,,,,,,,,,,,,,,,,,,,,,,,,,,,,,,,,,,,,,,,,,,,,,,,,,,,,,,,,,,,,,,,,,,,,,,,,,,,,,,,,,,,,,,,,,,,,,,,,,,,,,,,,,,,,,,,
Electrical conductivity of OH-bearing omphacite and garnet in eclogite: the quantitative dependence on water content,"Liu Hanyong, Zhu Qiao, Yang Xiaozhi",2019,10.1007/s00410-019-1593-3,garnet,garnet,single crystals,a Cw^b exp( -c /kT),water_exponent_arrhenius,Liu2019,Liu_19_gt,full fit,single,1.00,1.00,1.00,623.00,1073.00,,,,,,,,,,,,,40.00,245,,,wtpct,,,,,NNO,isotropic,,4.3700E+00,2.40E-01,preexp_log,1.07E+00,9.0000E-02,exponent,9.3280E-01,2.0730E-02,enthalpy,,,,,,,,,,,,,,,,,,,,,,,,,,,,,,,,,,,,,,,,,,,,,,,,,,,,,,,,,,,,,,,,,,,,,,,,,,,,,,,,,,,,,,,,,,,,,,,,,,,,,,,,,,,,,,,,,,,,,,,,,,,,,,,,,,,,,,,,,,,,,,,,,,,,,,,,,,,,,,,,,,,,,,,,,,,,,,,,,,,,,,,,,,,,,,,,,,,,,,,,,,,,,,,,,,,,,,,,,,,,,,,,,,,,,,,,,,
Electrical conductivity of omphacite and garnet indicates limited deep water recycling by crust subduction,"Hanyong Liu, Kai Zhang, Jannick Ingrin, Xiaozhi Yang ",2021,https://doi.org/10.1016/j.epsl.2021.116784,garnet,hydrous garnet,sintered natural material,a (X_fe+b)^c Cw^d exp( -(e+ f(X_fe+b)^g+hCw^(i))/kT),iron_water_arrhenius2,Liu2021,Liu_21_gt,full fit,single,1,1.00,1.00,625.15,1125.15,,,,,,,,,,,,,0.004,0.015,,katayama et al. (2006) ,total_frac,0.816956311,0.875194103,,"molar weight, MgO normalized",Ni-NiO,isotropic,preexp had to go up by x42 to work,2.5897E+06,4085*10,preexp,1.00E-04,0.0000E+00,iron_offset,8.00E+00,1.3200E+00,iron preexp,1.0000E+00,0.0000E+00,water_exp,9.22420E-01,3.1093E-02,enthalpy,4.14571E-02,3.2129E-01,const,3.3333E-01,,const,-1.03643E+00,9.3278E-02,const,3.3333E-01,,const,,,,,,,,,,,,,,,,,,,,,,,,,,,,,,,,,,,,,,,,,,,,,,,,,,,,,,,,,,,,,,,,,,,,,,,,,,,,,,,,,,,,,,,,,,,,,,,,,,,,,,,,,,,,,,,,,,,,,,,,,,,,,,,,,,,,,,,,,,,,,,,,,,,,,,,,,,,,,,,,,,,,,,,,,,,,,,,,,,,,,,,,,,,,,,,,,,,,,,,,,,,,,,,,,,,,,,,,
Electrical conductivity of dry lower crustal rocks,K. A. Kariya and T. J. Shankland,1983,https://doi.org/10.1190/1.1441407,granite,granite ,reanalysis,a exp(-b/kT),arrhenius_simple,Karia1983,ks_83_granite,full fit,single,0.0001,0.0001,0.0001,773.15,1273.15,,,,,,,,,,,,,0,0,,None,wtpct,,,,,several,isotropic,had to multiply the eV's by about ~2.28-2.3 to match publication values.,3.9000E-01,4.80E-01,preexp_log,8.50E-01,1.0695E-01,enthalpy,,,,,,,,,,,,,,,,,,,,,,,,,,,,,,,,,,,,,,,,,,,,,,,,,,,,,,,,,,,,,,,,,,,,,,,,,,,,,,,,,,,,,,,,,,,,,,,,,,,,,,,,,,,,,,,,,,,,,,,,,,,,,,,,,,,,,,,,,,,,,,,,,,,,,,,,,,,,,,,,,,,,,,,,,,,,,,,,,,,,,,,,,,,,,,,,,,,,,,,,,,,,,,,,,,,,,,,,,,,,,,,,,,,,,,,,,,,,,
The electrical conductivity of granite: The role of hydrous accessory minerals and the structure water in major minerals,"Kui Han, Xinzhuan Guo,  Xuben Wang,  Junfeng Zhang, Sinan Ozaydin, Dewei Li, Simon Martin Clark",2023,10.1016/j.tecto.2023.229857,granite,Granite HGND ,natural whole rock,a exp(-b /kT),arrhenius_simple,Han2023,han_23_HD_granite,full fit,single,0.00,,,673.00,773.00,,,,,,,,,,,,,,,0.222,,wtpct,,,,,NNO,isotropic,Unrealistic preexp values. Values matched when using them in a non log way. Water values correspond to mass  loss attributed to water between ~700 and 900k,9.9060E+00,,preexp,1.22E+00,6.3000E-02,enthalpy,,,,,,,,,,,,,,,,,,,,,,,,,,,,,,,,,,,,,,,,,,,,,,,,,,,,,,,,,,,,,,,,,,,,,,,,,,,,,,,,,,,,,,,,,,,,,,,,,,,,,,,,,,,,,,,,,,,,,,,,,,,,,,,,,,,,,,,,,,,,,,,,,,,,,,,,,,,,,,,,,,,,,,,,,,,,,,,,,,,,,,,,,,,,,,,,,,,,,,,,,,,,,,,,,,,,,,,,,,,,,,,,,,,,,,,,,,,,,
The electrical conductivity of granite: The role of hydrous accessory minerals and the structure water in major minerals,"Kui Han, Xinzhuan Guo,  Xuben Wang,  Junfeng Zhang, Sinan Ozaydin, Dewei Li, Simon Martin Clark",2023,10.1016/j.tecto.2023.229857,granite,Granite QGND,natural whole rock,a exp(-b /kT),arrhenius_simple,Han2023,han_23_QD_low_granite,full fit,single,1.00,,,573.00,873.00,,,,,,,,,,,,,,,0.5,,wtpct,,,,,NNO,isotropic,Unrealistic preexp values. Values matched when using them in a non log way and when removing -0.5 log10 units from this row.Water values correspond to mass  loss attributed to water between ~700 and 900k,4.1745E+02,,preexp,8.37E-01,3.3000E-02,enthalpy,,,,,,,,,,,,,,,,,,,,,,,,,,,,,,,,,,,,,,,,,,,,,,,,,,,,,,,,,,,,,,,,,,,,,,,,,,,,,,,,,,,,,,,,,,,,,,,,,,,,,,,,,,,,,,,,,,,,,,,,,,,,,,,,,,,,,,,,,,,,,,,,,,,,,,,,,,,,,,,,,,,,,,,,,,,,,,,,,,,,,,,,,,,,,,,,,,,,,,,,,,,,,,,,,,,,,,,,,,,,,,,,,,,,,,,,,,,,,
The electrical conductivity of granite: The role of hydrous accessory minerals and the structure water in major minerals,"Kui Han, Xinzhuan Guo,  Xuben Wang,  Junfeng Zhang, Sinan Ozaydin, Dewei Li, Simon Martin Clark",2023,10.1016/j.tecto.2023.229857,granite,Granite QGND,natural whole rock,a exp(-b /kT),arrhenius_simple,Han2023,han_23_QD_high_granite,full fit,single,1.00,,,873.00,1173.00,,,,,,,,,,,,,,,0.5,,wtpct,,,,,NNO,isotropic,Unrealistic preexp values. Values matched when using them in a non log way. Water values correspond to mass  loss attributed to water between ~700 and 900k,2.4016E+02,,preexp,7.73E-01,1.2000E-02,enthalpy,,,,,,,,,,,,,,,,,,,,,,,,,,,,,,,,,,,,,,,,,,,,,,,,,,,,,,,,,,,,,,,,,,,,,,,,,,,,,,,,,,,,,,,,,,,,,,,,,,,,,,,,,,,,,,,,,,,,,,,,,,,,,,,,,,,,,,,,,,,,,,,,,,,,,,,,,,,,,,,,,,,,,,,,,,,,,,,,,,,,,,,,,,,,,,,,,,,,,,,,,,,,,,,,,,,,,,,,,,,,,,,,,,,,,,,,,,,,,
The electrical conductivity of granite: The role of hydrous accessory minerals and the structure water in major minerals,"Kui Han, Xinzhuan Guo,  Xuben Wang,  Junfeng Zhang, Sinan Ozaydin, Dewei Li, Simon Martin Clark",2023,10.1016/j.tecto.2023.229857,granite,Granite QGNP wet,Powdered natural  rock,a exp(-b /kT),arrhenius_simple,Han2023,han_23_QP_low_granite,full fit,single,1.00,,,573.00,873.00,,,,,,,,,,,,,,,0.461,,wtpct,,,,,NNO,isotropic,Unrealistic preexp values. Values matched when using them in a non log way. Water values correspond to mass  loss attributed to water between ~700 and 900k,4.9350E+00,,preexp,8.24E-01,3.5000E-02,enthalpy,,,,,,,,,,,,,,,,,,,,,,,,,,,,,,,,,,,,,,,,,,,,,,,,,,,,,,,,,,,,,,,,,,,,,,,,,,,,,,,,,,,,,,,,,,,,,,,,,,,,,,,,,,,,,,,,,,,,,,,,,,,,,,,,,,,,,,,,,,,,,,,,,,,,,,,,,,,,,,,,,,,,,,,,,,,,,,,,,,,,,,,,,,,,,,,,,,,,,,,,,,,,,,,,,,,,,,,,,,,,,,,,,,,,,,,,,,,,,
The electrical conductivity of granite: The role of hydrous accessory minerals and the structure water in major minerals,"Kui Han, Xinzhuan Guo,  Xuben Wang,  Junfeng Zhang, Sinan Ozaydin, Dewei Li, Simon Martin Clark",2023,10.1016/j.tecto.2023.229857,granite,Granite QGNP wet,Powdered natural  rock,a exp(-b /kT),arrhenius_simple,Han2023,han_23_QP_high_granite,full fit,single,1.00,,,873.00,1173.00,,,,,,,,,,,,,,,0.1,,wtpct,,,,,NNO,isotropic,Unrealistic preexp values. Values matched when using them in a non log way. Water values correspond to mass  loss attributed to water between ~700 and 900k,2.1009E+02,,preexp,1.09E+00,6.8000E-02,enthalpy,,,,,,,,,,,,,,,,,,,,,,,,,,,,,,,,,,,,,,,,,,,,,,,,,,,,,,,,,,,,,,,,,,,,,,,,,,,,,,,,,,,,,,,,,,,,,,,,,,,,,,,,,,,,,,,,,,,,,,,,,,,,,,,,,,,,,,,,,,,,,,,,,,,,,,,,,,,,,,,,,,,,,,,,,,,,,,,,,,,,,,,,,,,,,,,,,,,,,,,,,,,,,,,,,,,,,,,,,,,,,,,,,,,,,,,,,,,,,
"Effect of temperature, pressure and chemical composition on the electrical conductivity of granulite and geophysical implications","Wenquin Sun, Dai Lidon, Li Heping, Hu Haiying, Liu Changcai",2019,10.2465/jmps.181107b,granulite,Granulite +14.79%  biotite,natural whole rock,a exp(-b /kT),arrhenius_simple,Sun2019a,sun_19_ds15_2_granulite,full fit,single,2.00,,,623.00,1073.00,,,,,,,,,,,,,,,0.59,stochimetric,wtpct,,,,,NNO,isotropic,,2.1900E+00,1.00E-02,preexp_log,6.80E-01,1.0000E-02,enthalpy,,,,,,,,,,,,,,,,,,,,,,,,,,,,,,,,,,,,,,,,,,,,,,,,,,,,,,,,,,,,,,,,,,,,,,,,,,,,,,,,,,,,,,,,,,,,,,,,,,,,,,,,,,,,,,,,,,,,,,,,,,,,,,,,,,,,,,,,,,,,,,,,,,,,,,,,,,,,,,,,,,,,,,,,,,,,,,,,,,,,,,,,,,,,,,,,,,,,,,,,,,,,,,,,,,,,,,,,,,,,,,,,,,,,,,,,,,,,,
"Effect of temperature, pressure and chemical composition on the electrical conductivity of granulite and geophysical implications","Wenquin Sun, Dai Lidon, Li Heping, Hu Haiying, Liu Changcai",2019,10.2465/jmps.181107b,granulite,Granulite + 8.75% biotite,natural whole rock,a exp(-b /kT),arrhenius_simple,Sun2019a,sun_19_ds16_2_granulite,full fit,single,2.00,,,623.00,1073.00,,,,,,,,,,,,,,,0.30625,stochimetric,wtpct,,,,,NNO,isotropic,,1.0100E+00,-5.00E-02,preexp_log,6.10E-01,1.0000E-02,enthalpy,,,,,,,,,,,,,,,,,,,,,,,,,,,,,,,,,,,,,,,,,,,,,,,,,,,,,,,,,,,,,,,,,,,,,,,,,,,,,,,,,,,,,,,,,,,,,,,,,,,,,,,,,,,,,,,,,,,,,,,,,,,,,,,,,,,,,,,,,,,,,,,,,,,,,,,,,,,,,,,,,,,,,,,,,,,,,,,,,,,,,,,,,,,,,,,,,,,,,,,,,,,,,,,,,,,,,,,,,,,,,,,,,,,,,,,,,,,,,
"Effect of temperature, pressure and chemical composition on the electrical conductivity of granulite and geophysical implications","Wenquin Sun, Dai Lidon, Li Heping, Hu Haiying, Liu Changcai",2019,10.2465/jmps.181107b,granulite,Granulite + 8.75% biotite,natural whole rock,a exp(-b /kT),arrhenius_simple,Sun2019a,sun_19_ds16_1_low_granulite,full fit,single,1.00,,,623.00,773.00,,,,,,,,,,,,,,,0.30625,stochimetric,wtpct,,,,,NNO,isotropic,,-5.6000E-01,7.00E-02,preexp_log,3.60E-01,1.0000E-02,enthalpy,,,,,,,,,,,,,,,,,,,,,,,,,,,,,,,,,,,,,,,,,,,,,,,,,,,,,,,,,,,,,,,,,,,,,,,,,,,,,,,,,,,,,,,,,,,,,,,,,,,,,,,,,,,,,,,,,,,,,,,,,,,,,,,,,,,,,,,,,,,,,,,,,,,,,,,,,,,,,,,,,,,,,,,,,,,,,,,,,,,,,,,,,,,,,,,,,,,,,,,,,,,,,,,,,,,,,,,,,,,,,,,,,,,,,,,,,,,,,
"Effect of temperature, pressure and chemical composition on the electrical conductivity of granulite and geophysical implications","Wenquin Sun, Dai Lidon, Li Heping, Hu Haiying, Liu Changcai",2019,10.2465/jmps.181107b,granulite,Granulite + 8.75% biotite,natural whole rock,a exp(-b /kT),arrhenius_simple,Sun2019a,sun_19_ds16_1_high_granulite,full fit,single,1.00,,,823.00,1073.00,,,,,,,,,,,,,,,0.30625,stochimetric,wtpct,,,,,NNO,isotropic,,1.0800E+00,3.00E-02,preexp_log,6.20E-01,1.0000E-02,enthalpy,,,,,,,,,,,,,,,,,,,,,,,,,,,,,,,,,,,,,,,,,,,,,,,,,,,,,,,,,,,,,,,,,,,,,,,,,,,,,,,,,,,,,,,,,,,,,,,,,,,,,,,,,,,,,,,,,,,,,,,,,,,,,,,,,,,,,,,,,,,,,,,,,,,,,,,,,,,,,,,,,,,,,,,,,,,,,,,,,,,,,,,,,,,,,,,,,,,,,,,,,,,,,,,,,,,,,,,,,,,,,,,,,,,,,,,,,,,,,
"Effect of temperature, pressure and chemical composition on the electrical conductivity of granulite and geophysical implications","Wenquin Sun, Dai Lidon, Li Heping, Hu Haiying, Liu Changcai",2019,10.2465/jmps.181107b,granulite,Granulite + 5.49% biotite,natural whole rock,a exp(-b /kT),arrhenius_simple,Sun2019a,sun_19_ds17_2_low_granulite,full fit,single,2.00,,,623.00,723.00,,,,,,,,,,,,,,,0.22,stochimetric,wtpct,,,,,NNO,isotropic,,-4.6000E-01,1.80E-01,preexp_log,4.20E-01,2.0000E-02,enthalpy,,,,,,,,,,,,,,,,,,,,,,,,,,,,,,,,,,,,,,,,,,,,,,,,,,,,,,,,,,,,,,,,,,,,,,,,,,,,,,,,,,,,,,,,,,,,,,,,,,,,,,,,,,,,,,,,,,,,,,,,,,,,,,,,,,,,,,,,,,,,,,,,,,,,,,,,,,,,,,,,,,,,,,,,,,,,,,,,,,,,,,,,,,,,,,,,,,,,,,,,,,,,,,,,,,,,,,,,,,,,,,,,,,,,,,,,,,,,,
"Effect of temperature, pressure and chemical composition on the electrical conductivity of granulite and geophysical implications","Wenquin Sun, Dai Lidon, Li Heping, Hu Haiying, Liu Changcai",2019,10.2465/jmps.181107b,granulite,Granulite + 5.49% biotite,natural whole rock,a exp(-b /kT),arrhenius_simple,Sun2019a,sun_19_ds17_2_high_granulite,full fit,single,2.00,,,773.00,1073.00,,,,,,,,,,,,,,,0.22,stochimetric,wtpct,,,,,NNO,isotropic,,9.9000E-01,4.00E-02,preexp_log,6.30E-01,1.0000E-02,enthalpy,,,,,,,,,,,,,,,,,,,,,,,,,,,,,,,,,,,,,,,,,,,,,,,,,,,,,,,,,,,,,,,,,,,,,,,,,,,,,,,,,,,,,,,,,,,,,,,,,,,,,,,,,,,,,,,,,,,,,,,,,,,,,,,,,,,,,,,,,,,,,,,,,,,,,,,,,,,,,,,,,,,,,,,,,,,,,,,,,,,,,,,,,,,,,,,,,,,,,,,,,,,,,,,,,,,,,,,,,,,,,,,,,,,,,,,,,,,,,
"Effect of temperature, pressure and chemical composition on the electrical conductivity of granulite and geophysical implications","Wenquin Sun, Dai Lidon, Li Heping, Hu Haiying, Liu Changcai",2019,10.2465/jmps.181107b,granulite,Granulite + 5.49% biotite,natural whole rock,a exp(-b /kT),arrhenius_simple,Sun2019a,sun_19_ds17_3_low_granulite,full fit,single,3.00,,,623.00,723.00,,,,,,,,,,,,,,,0.22,stochimetric,wtpct,,,,,NNO,isotropic,,-1.1600E+00,1.40E-01,preexp_log,3.60E-01,2.0000E-02,enthalpy,,,,,,,,,,,,,,,,,,,,,,,,,,,,,,,,,,,,,,,,,,,,,,,,,,,,,,,,,,,,,,,,,,,,,,,,,,,,,,,,,,,,,,,,,,,,,,,,,,,,,,,,,,,,,,,,,,,,,,,,,,,,,,,,,,,,,,,,,,,,,,,,,,,,,,,,,,,,,,,,,,,,,,,,,,,,,,,,,,,,,,,,,,,,,,,,,,,,,,,,,,,,,,,,,,,,,,,,,,,,,,,,,,,,,,,,,,,,,
"Effect of temperature, pressure and chemical composition on the electrical conductivity of granulite and geophysical implications","Wenquin Sun, Dai Lidon, Li Heping, Hu Haiying, Liu Changcai",2019,10.2465/jmps.181107b,granulite,Granulite + 5.49% biotite,natural whole rock,a exp(-b /kT),arrhenius_simple,Sun2019a,sun_19_ds17_3_high_granulite,full fit,single,3.00,,,773.00,1073.00,,,,,,,,,,,,,,,0.22,stochimetric,wtpct,,,,,NNO,isotropic,,1.7000E-01,2.00E-02,preexp_log,5.50E-01,1.0000E-02,enthalpy,,,,,,,,,,,,,,,,,,,,,,,,,,,,,,,,,,,,,,,,,,,,,,,,,,,,,,,,,,,,,,,,,,,,,,,,,,,,,,,,,,,,,,,,,,,,,,,,,,,,,,,,,,,,,,,,,,,,,,,,,,,,,,,,,,,,,,,,,,,,,,,,,,,,,,,,,,,,,,,,,,,,,,,,,,,,,,,,,,,,,,,,,,,,,,,,,,,,,,,,,,,,,,,,,,,,,,,,,,,,,,,,,,,,,,,,,,,,,
The Electrical Conductivity of an Isotropic Olivine Mantle ,"Steven Constable, Thomas J. Shankland, Al Duba",1992,10.1029/91JB02453,olivine,olivine,natural single crystal,a exp(-b /kT) + b exp(-c /kT),arrhenius_simple+arrhenius_simple,Constable1992,SEO2_ol,full fit,single,0.00,,,993.00,1773.00,,,,,,,,,,,,,,,,,,,,,,,isotropic,,2.4020E+00,,preexp_log,1.60E+00,2.0000E-02,enthalpy,9.1700E+00,,preexp_log,4.2500E+00,,enthalpy,,,,,,,,,,,,,,,,,,,,,,,,,,,,,,,,,,,,,,,,,,,,,,,,,,,,,,,,,,,,,,,,,,,,,,,,,,,,,,,,,,,,,,,,,,,,,,,,,,,,,,,,,,,,,,,,,,,,,,,,,,,,,,,,,,,,,,,,,,,,,,,,,,,,,,,,,,,,,,,,,,,,,,,,,,,,,,,,,,,,,,,,,,,,,,,,,,,,,,,,,,,,,,,,,,,,,,,,,,,,,,,,,,,,,,,
Pressure effect on electrical conductivity of mantle olivine ,"Yousheng Xu,  Shankland, A.G. Duba ",2000,10.1029/1999GL008378,olivine,olivine,single crystal,a exp( - (H + PV)/kt),arrhenius_pressure,xu2000,xu_2000_ol[001],full fit,composite,,4.00,10.00,1273.00,1673.00,,,,,,,,,,,,,,,,,,,,,,Mo-MoO2,[001],,2.6700E+00,1.40E-01,preexp_log,1.50E+00,4.0000E-02,enthalpy,8.6000E-01,1.5000E-01,volume,,,,,,,,,,,,,,,,,,,,,,,,,,,,,,,,,,,,,,,,,,,,,,,,,,,,,,,,,,,,,,,,,,,,,,,,,,,,,,,,,,,,,,,,,,,,,,,,,,,,,,,,,,,,,,,,,,,,,,,,,,,,,,,,,,,,,,,,,,,,,,,,,,,,,,,,,,,,,,,,,,,,,,,,,,,,,,,,,,,,,,,,,,,,,,,,,,,,,,,,,,,,,,,,,,,,,,,,,,,,,,,,,,,,,,,,,,
Pressure effect on electrical conductivity of mantle olivine ,"Yousheng Xu,  Shankland, A.G. Duba ",2000,10.1029/1999GL008378,olivine,olivine,single crystal,a exp( - (H + PV)/kt),arrhenius_pressure,xu2000,xu_2000_ol[010],full fit,composite,,4.00,10.00,1273.00,1673.00,,,,,,,,,,,,,,,,,,,,,,Mo-MoO2,[010],,2.3900E+00,6.00E-02,preexp_log,1.17E+00,4.0000E-02,enthalpy,9.6000E-01,6.0000E-02,volume,,,,,,,,,,,,,,,,,,,,,,,,,,,,,,,,,,,,,,,,,,,,,,,,,,,,,,,,,,,,,,,,,,,,,,,,,,,,,,,,,,,,,,,,,,,,,,,,,,,,,,,,,,,,,,,,,,,,,,,,,,,,,,,,,,,,,,,,,,,,,,,,,,,,,,,,,,,,,,,,,,,,,,,,,,,,,,,,,,,,,,,,,,,,,,,,,,,,,,,,,,,,,,,,,,,,,,,,,,,,,,,,,,,,,,,,,,
Pressure effect on electrical conductivity of mantle olivine ,"Yousheng Xu,  Shankland, A.G. Duba ",2000,10.1029/1999GL008378,olivine,olivine,single crystal,a exp(-b /kT),arrhenius_simple,xu2000,xu_2000_ol[100],full fit,composite,,4.00,10.00,1273.00,1673.00,,,,,,,,,,,,,,,,,,,,,,Mo-MoO2,[100],,3.3300E+00,2.80E-01,preexp_log,1.79E+00,8.0000E-02,enthalpy,,,,,,,,,,,,,,,,,,,,,,,,,,,,,,,,,,,,,,,,,,,,,,,,,,,,,,,,,,,,,,,,,,,,,,,,,,,,,,,,,,,,,,,,,,,,,,,,,,,,,,,,,,,,,,,,,,,,,,,,,,,,,,,,,,,,,,,,,,,,,,,,,,,,,,,,,,,,,,,,,,,,,,,,,,,,,,,,,,,,,,,,,,,,,,,,,,,,,,,,,,,,,,,,,,,,,,,,,,,,,,,,,,,,,,,,,,,,,
Pressure effect on electrical conductivity of mantle olivine ,"Yousheng Xu,  Shankland, A.G. Duba ",2000,10.1029/1999GL008378,olivine,olivine,polycrystal average,a exp( - (H + PV)/kt),arrhenius_pressure,xu2000,xu_2000_poly_ol,full fit,single,,4.00,10.00,1273.00,1673.00,,,,,,,,,,,,,,,,,,,,,,Mo-MoO2,isotropic,,2.6900E+00,1.50E-01,preexp_log,1.62E+00,5.0000E-02,enthalpy,6.8000E-01,2.5000E-01,volume,,,,,,,,,,,,,,,,,,,,,,,,,,,,,,,,,,,,,,,,,,,,,,,,,,,,,,,,,,,,,,,,,,,,,,,,,,,,,,,,,,,,,,,,,,,,,,,,,,,,,,,,,,,,,,,,,,,,,,,,,,,,,,,,,,,,,,,,,,,,,,,,,,,,,,,,,,,,,,,,,,,,,,,,,,,,,,,,,,,,,,,,,,,,,,,,,,,,,,,,,,,,,,,,,,,,,,,,,,,,,,,,,,,,,,,,,,
Anisotropy of electrical conductivity in dry olivine,"Wyatt L. Du Frane, Jeffery J. Roberts, Daniel A. Toffelmier,and James A. Tyburczy",2005,10.1029/2005GL023879,olivine,olivine,single crystal olivine,afO2^b exp(c/kT) + d exp(e/kT),arrhenius_fugacity+arrhenius_simple,DuFrane2005,dF_05_ol[100],full fit,composite,0.40,,,1373.00,1573.00,,,,,,,,,,,,,,,,,,,,,,CO2:CO,[100],,4.3200E-01,1.47E-01,preexp,1.82E-01,,const,3.2200E-01,4.8000E-02,enthalpy,1.1900E-02,5.1000E-03,preexp,3.22000E-01,4.8000E-02,enthalpy,,,,,,,,,,,,,,,,,,,,,,,,,,,,,,,,,,,,,,,,,,,,,,,,,,,,,,,,,,,,,,,,,,,,,,,,,,,,,,,,,,,,,,,,,,,,,,,,,,,,,,,,,,,,,,,,,,,,,,,,,,,,,,,,,,,,,,,,,,,,,,,,,,,,,,,,,,,,,,,,,,,,,,,,,,,,,,,,,,,,,,,,,,,,,,,,,,,,,,,,,,,,,,,,,,,,,,,,,,,,,,,,,,,,
Anisotropy of electrical conductivity in dry olivine,"Wyatt L. Du Frane, Jeffery J. Roberts, Daniel A. Toffelmier,and James A. Tyburczy",2005,10.1029/2005GL023879,olivine,olivine,single crystal olivine,afO2^b exp(c/kT) + d exp(e/kT),arrhenius_fugacity+arrhenius_simple,DuFrane2005,dF_05_ol[010],full fit,composite,0.40,,,1373.00,1573.00,,,,,,,,,,,,,,,,,,,,,,CO2:CO,[010],,2.3900E+00,3.50E-01,preexp,1.82E-01,,const,5.6100E-01,2.1000E-02,enthalpy,7.9800E-02,1.4700E-02,preexp,5.61000E-01,2.1000E-02,enthalpy,,,,,,,,,,,,,,,,,,,,,,,,,,,,,,,,,,,,,,,,,,,,,,,,,,,,,,,,,,,,,,,,,,,,,,,,,,,,,,,,,,,,,,,,,,,,,,,,,,,,,,,,,,,,,,,,,,,,,,,,,,,,,,,,,,,,,,,,,,,,,,,,,,,,,,,,,,,,,,,,,,,,,,,,,,,,,,,,,,,,,,,,,,,,,,,,,,,,,,,,,,,,,,,,,,,,,,,,,,,,,,,,,,,,
Anisotropy of electrical conductivity in dry olivine,"Wyatt L. Du Frane, Jeffery J. Roberts, Daniel A. Toffelmier,and James A. Tyburczy",2005,10.1029/2005GL023879,olivine,olivine,single crystal olivine,afO2^b exp(c/kT) + d exp(e/kT),arrhenius_fugacity+arrhenius_simple,DuFrane2005,dF_05_ol[001],full fit,composite,0.40,,,1373.00,1573.00,,,,,,,,,,,,,,,,,,,,,,CO2:CO,[001],,1.5300E+01,2.90E+00,preexp,1.82E-01,,const,7.1000E-01,2.7000E-02,enthalpy,2.9300E-01,7.2000E-02,preexp,7.10000E-01,2.7000E-02,enthalpy,,,,,,,,,,,,,,,,,,,,,,,,,,,,,,,,,,,,,,,,,,,,,,,,,,,,,,,,,,,,,,,,,,,,,,,,,,,,,,,,,,,,,,,,,,,,,,,,,,,,,,,,,,,,,,,,,,,,,,,,,,,,,,,,,,,,,,,,,,,,,,,,,,,,,,,,,,,,,,,,,,,,,,,,,,,,,,,,,,,,,,,,,,,,,,,,,,,,,,,,,,,,,,,,,,,,,,,,,,,,,,,,,,,,
SEO3: A new model of olivine electrical conductivity,Steven Constable,2006,10.1111/j.1365-246X.2006.03041.x,olivine,olivine,reanalysis,e0*[a_exp(b/kT) + c_exp(d/kT)fO2_e]_f_exp(g/kT)+e0*[h_exp(i/kT) + j_exp(k/kT)fO2_l]_m_exp(n/kT),seo3_term+seo3_term,Constable2006,SEO3_ol,full fit,single,0.00,,,1273.00,1573.00,,,,,,,,,,,,,,,,,,,,,,,isotropic,,5.0600E+24,,preexp,3.57E-01,,enthalpy,3.33E+24,,preexp,0.02,,enthalpy,1.66667E-01,,const,1.22000E-05,,preexp,1.05,,enthalpy,4.58000E+26,,const,0.752,,enthalpy,6.21E+30,,preexp,1.83,,enthalpy,0.166666667,,exp,0.00000544,,const,1.09,,const,,,,,,,,,,,,,,,,,,,,,,,,,,,,,,,,,,,,,,,,,,,,,,,,,,,,,,,,,,,,,,,,,,,,,,,,,,,,,,,,,,,,,,,,,,,,,,,,,,,,,,,,,,,,,,,,,,,,,,,,,,,,,,,,,,,,,,,,,,,,,,,,,,,,,,,,,,,,,,,,,,,,,,,,,,,,,,,,,,,,,,,,,,,,,,,,,,,,,,,,,
The effect of water on the electrical conductivity of olivine,"Duojun Wang, Mainak Mookherjee, Yousheng Xu, Shun-ichiro Karato",2006,10.1038/nature05256 ,olivine,olivine,synthetic sinter,a exp(-b /kT)+c Cw^d exp( -e /kT),arrhenius_simple+water_exponent_arrhenius,Wang2006,wang_06_ol,full fit,single,4.00,,,873.00,1273.00,,,,,,,,,,,,,0.01,0.027,,paterson (1982),wtpct,,,,,Ni–NiO ,isotropic,,2.4000E+00,,preexp_log,1.59E+00,,enthalpy,3.0000E+00,4.0000E-01,preexp_log,6.2000E-01,1.5000E-01,const,9.01700E-01,5.1820E-02,enthalpy,,,,,,,,,,,,,,,,,,,,,,,,,,,,,,,,,,,,,,,,,,,,,,,,,,,,,,,,,,,,,,,,,,,,,,,,,,,,,,,,,,,,,,,,,,,,,,,,,,,,,,,,,,,,,,,,,,,,,,,,,,,,,,,,,,,,,,,,,,,,,,,,,,,,,,,,,,,,,,,,,,,,,,,,,,,,,,,,,,,,,,,,,,,,,,,,,,,,,,,,,,,,,,,,,,,,,,,,,,,,,,,,,,,,
Electrical conductivity of orthopyroxene: Implications for the water content of the asthenosphere,"Dai Lidong, Karato Shun-ichiro",2009,10.2183/pjab.85.466,olivine,olivine,polycrystalline  aggregates,a exp( -b /kT)+c Cw^d exp( -e /kT),arrhenius_simple+water_exponent_arrhenius,DaiKarato2009a,dk_2009_ol,full fit,single,8.00,,,873.00,1273.00,,,,,,,,,,,,,0.00,0.042,,paterson (1982),wtpct,,,,,Mo-MoO2,isotropic,adjusted preexp A1 downward by 0.1 and A2 down by .75 log units,2.2000E+00,,preexp_log,1.60E+00,,enthalpy,2.35,,preexp_log,0.62,,exponent,8.49900E-01,,enthalpy,,,,,,,,,,,,,,,,,,,,,,,,,,,,,,,,,,,,,,,,,,,,,,,,,,,,,,,,,,,,,,,,,,,,,,,,,,,,,,,,,,,,,,,,,,,,,,,,,,,,,,,,,,,,,,,,,,,,,,,,,,,,,,,,,,,,,,,,,,,,,,,,,,,,,,,,,,,,,,,,,,,,,,,,,,,,,,,,,,,,,,,,,,,,,,,,,,,,,,,,,,,,,,,,,,,,,,,,,,,,,,,,,,,,
The effect of water on the electrical conductivity of olivine aggregates and its implications for the electrical structure of the upper mantle ,"Takashi Yoshino, Takuya Matsuzaki, Anton Shatskiy, Tomoo Katsura ",2009,10.1016/j.epsl.2009.09.032 ,olivine,olivine dry,synthetic aggregate,a exp(-b /kT)+c exp(-d /kT),arrhenius_simple+arrhenius_simple,Yoshino2009,ty_09_dry_ol,full fit,single,10.00,,,500.00,2000.00,,,,,,,,,,,,,0.01,0.179,,paterson (1982),wtpct,,,,,Mo-MoO2,isotropic,,4.7300E+00,5.30E-01,preexp_log,2.31E+00,7.0000E-02,enthalpy,2.9800E+00,8.5000E-01,preexp_log,1.7100E+00,4.4000E-01,enthalpy,,,,,,,,,,,,,,,,,,,,,,,,,,,,,,,,,,,,,,,,,,,,,,,,,,,,,,,,,,,,,,,,,,,,,,,,,,,,,,,,,,,,,,,,,,,,,,,,,,,,,,,,,,,,,,,,,,,,,,,,,,,,,,,,,,,,,,,,,,,,,,,,,,,,,,,,,,,,,,,,,,,,,,,,,,,,,,,,,,,,,,,,,,,,,,,,,,,,,,,,,,,,,,,,,,,,,,,,,,,,,,,,,,,,,,,
The effect of water on the electrical conductivity of olivine aggregates and its implications for the electrical structure of the upper mantle ,"Takashi Yoshino, Takuya Matsuzaki, Anton Shatskiy, Tomoo Katsura ",2009,10.1016/j.epsl.2009.09.032 ,olivine,olivine,synthetic aggregate,a exp(-b /kT)+c exp(-d /kT)+eCw exp( -(f + g C_w^(h) /kT),arrhenius_simple+arrhenius_simple+water_preexp_enthalpy_arrhenius,Yoshino2009,ty_09_ol,full fit,single,10.00,,,500.00,2000.00,,,,,,,,,,,,,0.01,0.179,,paterson (1982),wtpct,,,,,Mo-MoO2,isotropic,,4.7300E+00,5.30E-01,preexp_log,2.31E+00,7.0000E-02,enthalpy,2.9800E+00,8.5000E-01,preexp_log,1.7100E+00,4.4000E-01,enthalpy,1.90000E+00,4.4000E-01,preexp_log,9.20000E-01,4.0000E-02,enthalpy,-1.6000E-01,2.0000E-02,const,3.33333E-01,,const,,,,,,,,,,,,,,,,,,,,,,,,,,,,,,,,,,,,,,,,,,,,,,,,,,,,,,,,,,,,,,,,,,,,,,,,,,,,,,,,,,,,,,,,,,,,,,,,,,,,,,,,,,,,,,,,,,,,,,,,,,,,,,,,,,,,,,,,,,,,,,,,,,,,,,,,,,,,,,,,,,,,,,,,,,,,,,,,,,,,,,,,,,,,,,,,,,,,,,,,,,,,,,,,,,,,,,,,,,,
"Effect of temperature, pressure and iron content on the electrical conductivity of olivine and its high-pressure polymorphs","Takashi Yoshino, Akira Shimojuku, Shuanming Shan, Xinzhuan Guo, Daisuke Yamazaki, Eiji Ito, Yuji Higo, Ken-ichi Funakoshi",2012,10.1029/2011JB008774,olivine,olivine,synthetic aggregate,a X_fe exp( -(b - c* Xfe^1/3 + P( d - e Xfe)/kT),iron_preexp_enthalpy_arrhenius,Yoshino2012b,ty_12_ol,full fit,single,,5.00,18.00,500.00,1600.00,,,,,,,,,,,,,,,,,,,,,,Mo-MoO2,isotropic,,5.2500E+02,3.70E+01,preexp,1.96E+00,0.02,enthalpy,-1.49,0.03,const,-0.01,0.04,volume,-2.20000E-01,0.34,const,,,,,,,,,,,,,,,,,,,,,,,,,,,,,,,,,,,,,,,,,,,,,,,,,,,,,,,,,,,,,,,,,,,,,,,,,,,,,,,,,,,,,,,,,,,,,,,,,,,,,,,,,,,,,,,,,,,,,,,,,,,,,,,,,,,,,,,,,,,,,,,,,,,,,,,,,,,,,,,,,,,,,,,,,,,,,,,,,,,,,,,,,,,,,,,,,,,,,,,,,,,,,,,,,,,,,,,,,,,,,,,,,,,,
"Orientation-related electrical conductivity of hydrous olivine, clinopyroxene and plagioclase and implications for the structure of the lower continental crust and uppermost mantle",Xiaozhi Yang,2012,10.1016/j.epsl.2011.11.011,olivine,olivine,single crystals,a exp(-b /kT),arrhenius_simple,Yang2012,yang_12b_ol[100],full fit,composite,0.10,,,473.15,1073.15,,,,,,,,,,,,,35.00,40,,bell (2003),ppm,,,,,NNO,[100],,9.3000E-01,2.60E-01,preexp_log,9.53E-01,4.1440E-02,enthalpy,,,,,,,,,,,,,,,,,,,,,,,,,,,,,,,,,,,,,,,,,,,,,,,,,,,,,,,,,,,,,,,,,,,,,,,,,,,,,,,,,,,,,,,,,,,,,,,,,,,,,,,,,,,,,,,,,,,,,,,,,,,,,,,,,,,,,,,,,,,,,,,,,,,,,,,,,,,,,,,,,,,,,,,,,,,,,,,,,,,,,,,,,,,,,,,,,,,,,,,,,,,,,,,,,,,,,,,,,,,,,,,,,,,,,,,,,,,,,
"Orientation-related electrical conductivity of hydrous olivine, clinopyroxene and plagioclase and implications for the structure of the lower continental crust and uppermost mantle",Xiaozhi Yang,2012,10.1016/j.epsl.2011.11.011,olivine,olivine,single crystals,a exp(-b /kT),arrhenius_simple,Yang2012,yang_12b_ol[010],full fit,composite,0.10,,,473.15,1073.15,,,,,,,,,,,,,35.00,40,,bell (2003),ppm,,,,,NNO,[010],,9.3000E-01,5.20E-01,preexp_log,9.53E-01,7.2520E-02,enthalpy,,,,,,,,,,,,,,,,,,,,,,,,,,,,,,,,,,,,,,,,,,,,,,,,,,,,,,,,,,,,,,,,,,,,,,,,,,,,,,,,,,,,,,,,,,,,,,,,,,,,,,,,,,,,,,,,,,,,,,,,,,,,,,,,,,,,,,,,,,,,,,,,,,,,,,,,,,,,,,,,,,,,,,,,,,,,,,,,,,,,,,,,,,,,,,,,,,,,,,,,,,,,,,,,,,,,,,,,,,,,,,,,,,,,,,,,,,,,,
"Orientation-related electrical conductivity of hydrous olivine, clinopyroxene and plagioclase and implications for the structure of the lower continental crust and uppermost mantle",Xiaozhi Yang,2012,10.1016/j.epsl.2011.11.011,olivine,olivine,single crystals,a exp(-b /kT),arrhenius_simple,Yang2012,yang_12b_ol[001],full fit,composite,0.10,,,473.15,1073.15,,,,,,,,,,,,,35.00,40,,bell (2003),ppm,,,,,NNO,[001],,3.8000E-01,4.70E-01,preexp_log,8.70E-01,6.2160E-02,enthalpy,,,,,,,,,,,,,,,,,,,,,,,,,,,,,,,,,,,,,,,,,,,,,,,,,,,,,,,,,,,,,,,,,,,,,,,,,,,,,,,,,,,,,,,,,,,,,,,,,,,,,,,,,,,,,,,,,,,,,,,,,,,,,,,,,,,,,,,,,,,,,,,,,,,,,,,,,,,,,,,,,,,,,,,,,,,,,,,,,,,,,,,,,,,,,,,,,,,,,,,,,,,,,,,,,,,,,,,,,,,,,,,,,,,,,,,,,,,,,
Toward a unified hydrous olivine electrical conductivity law,"Emmanuel Gardés, Fabrice Gaillard, Pascal Tarits",2014,10.1002/2014GC005496,olivine,olivine,reanalysis,a exp(-b /kT)+c exp( -d /kT)+eCw exp( -(f + g C_w^(h) /kT),arrhenius_simple+arrhenius_simple+water_preexp_enthalpy_arrhenius,Gardes2014,gar_14_bell_ol[100],full fit,composite,,0.00,10.00,473.00,2000.00,,,,,,,,,,,,,0.00,1500,,withers (2012),ppm,,,,,,[100],1/3 exponent set to stdev of 1e-9 to act as precise value ,5.9200E+00,1.99E+00,preexp_log,2.71E+00,0.49728,enthalpy,2.19,1.09,preexp_log,1.51318337,0.27972,enthalpy,-1.48000E+00,0.57,preexp_log,9.53513E-01,0.09324,enthalpy,-0.02653253,0.006114919,const,3.33333E-01,1.00E-09,const,,,,,,,,,,,,,,,,,,,,,,,,,,,,,,,,,,,,,,,,,,,,,,,,,,,,,,,,,,,,,,,,,,,,,,,,,,,,,,,,,,,,,,,,,,,,,,,,,,,,,,,,,,,,,,,,,,,,,,,,,,,,,,,,,,,,,,,,,,,,,,,,,,,,,,,,,,,,,,,,,,,,,,,,,,,,,,,,,,,,,,,,,,,,,,,,,,,,,,,,,,,,,,,,,,,,,,,,,,,
Toward a unified hydrous olivine electrical conductivity law,"Emmanuel Gardés, Fabrice Gaillard, Pascal Tarits",2014,10.1002/2014GC005496,olivine,olivine,reanalysis,a exp(-b /kT)+c exp( -d /kT)+eCw exp( -(f + g C_w^(h) /kT),arrhenius_simple+arrhenius_simple+water_preexp_enthalpy_arrhenius,Gardes2014,gar_14_bell_ol[010],full fit,composite,,0.00,10.00,473.00,2000.00,,,,,,,,,,,,,0.00,1500,,withers (2012),ppm,,,,,,[010],1/3 exponent set to stdev of 1e-9 to act as precise value ,5.4500E+00,2.07E+00,preexp_log,2.78E+00,0.570034831,enthalpy,2.38,1.1,preexp_log,1.461362022,0.21756,enthalpy,-7.00000E-01,0.99,preexp_log,9.84606E-01,0.13468,enthalpy,-0.009120557,0.006114919,const,3.33333E-01,1.00E-09,const,,,,,,,,,,,,,,,,,,,,,,,,,,,,,,,,,,,,,,,,,,,,,,,,,,,,,,,,,,,,,,,,,,,,,,,,,,,,,,,,,,,,,,,,,,,,,,,,,,,,,,,,,,,,,,,,,,,,,,,,,,,,,,,,,,,,,,,,,,,,,,,,,,,,,,,,,,,,,,,,,,,,,,,,,,,,,,,,,,,,,,,,,,,,,,,,,,,,,,,,,,,,,,,,,,,,,,,,,,,
Toward a unified hydrous olivine electrical conductivity law,"Emmanuel Gardés, Fabrice Gaillard, Pascal Tarits",2014,10.1002/2014GC005496,olivine,olivine,reanalysis,a exp(-b /kT)+c exp( -d /kT)+eCw exp( -(f + g C_w^(h) /kT),arrhenius_simple+arrhenius_simple+water_preexp_enthalpy_arrhenius,Gardes2014,gar_14_bell_ol[001],full fit,composite,,0.00,10.00,473.00,2000.00,,,,,,,,,,,,,0.00,1500,,withers (2012),ppm,,,,,,[001],1/3 exponent set to stdev of 1e-9 to act as precise value ,4.6700E+00,1.94E+00,preexp_log,2.43E+00,0.48692,enthalpy,2.51,1.06,preexp_log,1.51318337,0.24864,enthalpy,-1.97000E+00,0.69,preexp_log,8.39506E-01,0.09324,enthalpy,-0.020106683,0.005596706,const,3.33333E-01,1.00E-09,const,,,,,,,,,,,,,,,,,,,,,,,,,,,,,,,,,,,,,,,,,,,,,,,,,,,,,,,,,,,,,,,,,,,,,,,,,,,,,,,,,,,,,,,,,,,,,,,,,,,,,,,,,,,,,,,,,,,,,,,,,,,,,,,,,,,,,,,,,,,,,,,,,,,,,,,,,,,,,,,,,,,,,,,,,,,,,,,,,,,,,,,,,,,,,,,,,,,,,,,,,,,,,,,,,,,,,,,,,,,
Toward a unified hydrous olivine electrical conductivity law,"Emmanuel Gardés, Fabrice Gaillard, Pascal Tarits",2014,10.1002/2014GC005496,olivine,olivine,reanalysis,a exp(-b /kT)+c exp( -d /kT)+eCw exp( -(f + g C_w^(h) /kT),arrhenius_simple+arrhenius_simple+water_preexp_enthalpy_arrhenius,Gardes2014,gar_14_withers_ol[100],full fit,composite,,0.00,10.00,473.00,2000.00,,,,,,,,,,,,,0.00,1500,,withers (2012),ppm,,,,,,[100],1/3 exponent set to stdev of 1e-9 to act as precise value ,5.9200E+00,1.99E+00,preexp_log,2.71E+00,0.49728,enthalpy,2.19,1.09,preexp_log,1.51318337,0.27972,enthalpy,-1.28000E+00,0.57,preexp_log,9.53513E-01,0.093278427,enthalpy,-0.030989166,0.007151346,const,3.33333E-01,1.00E-09,const,,,,,,,,,,,,,,,,,,,,,,,,,,,,,,,,,,,,,,,,,,,,,,,,,,,,,,,,,,,,,,,,,,,,,,,,,,,,,,,,,,,,,,,,,,,,,,,,,,,,,,,,,,,,,,,,,,,,,,,,,,,,,,,,,,,,,,,,,,,,,,,,,,,,,,,,,,,,,,,,,,,,,,,,,,,,,,,,,,,,,,,,,,,,,,,,,,,,,,,,,,,,,,,,,,,,,,,,,,,
Toward a unified hydrous olivine electrical conductivity law,"Emmanuel Gardés, Fabrice Gaillard, Pascal Tarits",2014,10.1002/2014GC005496,olivine,olivine,reanalysis,a exp(-b /kT)+c exp( -d /kT)+eCw exp( -(f + g C_w^(h) /kT),arrhenius_simple+arrhenius_simple+water_preexp_enthalpy_arrhenius,Gardes2014,gar_14_withers_ol[010],full fit,composite,,0.00,10.00,473.00,2000.00,,,,,,,,,,,,,0.00,1500,,withers (2012),ppm,,,,,,[010],1/3 exponent set to stdev of 1e-9 to act as precise value ,5.4500E+00,2.07E+00,preexp_log,2.78E+00,0.570034831,enthalpy,2.38,1.1,preexp_log,1.461362022,0.21756,enthalpy,-5.10000E-01,0.99,preexp_log,9.84606E-01,0.13468,enthalpy,-0.010675198,0.007151346,const,3.33333E-01,1.00E-09,const,,,,,,,,,,,,,,,,,,,,,,,,,,,,,,,,,,,,,,,,,,,,,,,,,,,,,,,,,,,,,,,,,,,,,,,,,,,,,,,,,,,,,,,,,,,,,,,,,,,,,,,,,,,,,,,,,,,,,,,,,,,,,,,,,,,,,,,,,,,,,,,,,,,,,,,,,,,,,,,,,,,,,,,,,,,,,,,,,,,,,,,,,,,,,,,,,,,,,,,,,,,,,,,,,,,,,,,,,,,
Toward a unified hydrous olivine electrical conductivity law,"Emmanuel Gardés, Fabrice Gaillard, Pascal Tarits",2014,10.1002/2014GC005496,olivine,olivine,reanalysis,a exp(-b /kT)+c exp( -d /kT)+eCw exp( -(f + g C_w^(h) /kT),arrhenius_simple+arrhenius_simple+water_preexp_enthalpy_arrhenius,Gardes2014,gar_14_withers_ol[001],full fit,composite,,0.00,10.00,473.00,2000.00,,,,,,,,,,,,,0.00,1500,,withers (2012),ppm,,,,,,[001],1/3 exponent set to stdev of 1e-9 to act as precise value ,4.6700E+00,1.94E+00,preexp_log,2.43E+00,0.48692,enthalpy,2.51,1.06,preexp_log,1.51318337,0.24864,enthalpy,-1.77000E+00,0.69,preexp_log,8.39506E-01,0.09324,enthalpy,-0.023319607,0.005700348,const,3.33333E-01,1.00E-09,const,,,,,,,,,,,,,,,,,,,,,,,,,,,,,,,,,,,,,,,,,,,,,,,,,,,,,,,,,,,,,,,,,,,,,,,,,,,,,,,,,,,,,,,,,,,,,,,,,,,,,,,,,,,,,,,,,,,,,,,,,,,,,,,,,,,,,,,,,,,,,,,,,,,,,,,,,,,,,,,,,,,,,,,,,,,,,,,,,,,,,,,,,,,,,,,,,,,,,,,,,,,,,,,,,,,,,,,,,,,
Pressure dependence of electrical conductivity in forsterite,"Takashi Yoshino, Baohua Zhang, Brandon Rhymer, Chengcheng Zhao, Hongzhan Fei",2016,10.1002/2016JB013555,olivine,forsterite,,a exp( - (b + Pc)/kt) + e exp( - (f + Pg)/kt),arrhenius_pressure+arrhenius_pressure,Yoshino2016,y_16_ol[100],ionic,composite,,3.50,14.90,1300.00,2100.00,,,,,,,,,,,,,,,,,,,,,,several,[100],,1.1000E+05,6.00E+04,preexp,1.75E+00,2.3000E-01,enthalpy,1.8600E+01,5.6000E+00,volume,1.3000E+06,5.2000E+05,preexp,3.05000E+00,2.1000E-01,enthalpy,3.00000E-01,3.0000E-01,volume,,,,,,,,,,,,,,,,,,,,,,,,,,,,,,,,,,,,,,,,,,,,,,,,,,,,,,,,,,,,,,,,,,,,,,,,,,,,,,,,,,,,,,,,,,,,,,,,,,,,,,,,,,,,,,,,,,,,,,,,,,,,,,,,,,,,,,,,,,,,,,,,,,,,,,,,,,,,,,,,,,,,,,,,,,,,,,,,,,,,,,,,,,,,,,,,,,,,,,,,,,,,,,,,,,,,,,,,,,,,,,,,,
Pressure dependence of electrical conductivity in forsterite,"Takashi Yoshino, Baohua Zhang, Brandon Rhymer, Chengcheng Zhao, Hongzhan Fei",2016,10.1002/2016JB013555,olivine,forsterite,,a exp( - (b + Pc)/kt) + e exp( - (f + Pg)/kt),arrhenius_pressure+arrhenius_pressure,Yoshino2016,y_16_ol[010],ionic,composite,,3.50,14.90,1300.00,2100.00,,,,,,,,,,,,,,,,,,,,,,several,[010],,3.4000E+05,3.50E+03,preexp,2.38E+00,1.1000E-01,enthalpy,6.9000E+00,5.0000E-01,volume,1.1000E+04,4.0000E+03,preexp,2.23000E+00,6.0000E-02,enthalpy,-8.00000E-01,3.0000E-01,volume,,,,,,,,,,,,,,,,,,,,,,,,,,,,,,,,,,,,,,,,,,,,,,,,,,,,,,,,,,,,,,,,,,,,,,,,,,,,,,,,,,,,,,,,,,,,,,,,,,,,,,,,,,,,,,,,,,,,,,,,,,,,,,,,,,,,,,,,,,,,,,,,,,,,,,,,,,,,,,,,,,,,,,,,,,,,,,,,,,,,,,,,,,,,,,,,,,,,,,,,,,,,,,,,,,,,,,,,,,,,,,,,,
Pressure dependence of electrical conductivity in forsterite,"Takashi Yoshino, Baohua Zhang, Brandon Rhymer, Chengcheng Zhao, Hongzhan Fei",2016,10.1002/2016JB013555,olivine,forsterite,,a exp( - (b + Pc)/kt) + e exp( - (f + Pg)/kt),arrhenius_pressure+arrhenius_pressure,Yoshino2016,y_16_ol[001],ionic,composite,,3.50,14.90,1300.00,2100.00,,,,,,,,,,,,,,,,,,,,,,several,[001],,1.0000E+07,1.40E+06,preexp,2.71E+00,2.2000E-01,enthalpy,8.3000E+00,1.7000E+00,volume,1.7000E+06,1.9000E+05,preexp,2.93000E+00,2.1000E-01,enthalpy,-3.00000E-01,4.0000E-01,volume,,,,,,,,,,,,,,,,,,,,,,,,,,,,,,,,,,,,,,,,,,,,,,,,,,,,,,,,,,,,,,,,,,,,,,,,,,,,,,,,,,,,,,,,,,,,,,,,,,,,,,,,,,,,,,,,,,,,,,,,,,,,,,,,,,,,,,,,,,,,,,,,,,,,,,,,,,,,,,,,,,,,,,,,,,,,,,,,,,,,,,,,,,,,,,,,,,,,,,,,,,,,,,,,,,,,,,,,,,,,,,,,,
Hydrogen self-diffusion in single crystal olivine and electrical conductivity of the Earth’s mantle,"Davide Novella, Benjamin Jacobsen, Peter K. Weber, James A. Tyburczy, Frederick J. Ryerson, & Wyatt L. Du Frane",2017,10.1038/s41598-017-05113-6,olivine,olivine,single crystal,a C_h q^2 (b exp(-h/kT))/kT ,nerst_einstein_2,Novella2017,nv_17_ol[100],proton,composite,2.00,,,1023.00,1173.00,,,,,,,,,,,,,74.00,74,,bell (2003),ppm,,,,,NNO,[100],,1.8000E+42,,const,-7.00E-01,0.9,preexp_log,2.373417751,0.186556854,enthalpy,,,,,,,,,,,,,,,,,,,,,,,,,,,,,,,,,,,,,,,,,,,,,,,,,,,,,,,,,,,,,,,,,,,,,,,,,,,,,,,,,,,,,,,,,,,,,,,,,,,,,,,,,,,,,,,,,,,,,,,,,,,,,,,,,,,,,,,,,,,,,,,,,,,,,,,,,,,,,,,,,,,,,,,,,,,,,,,,,,,,,,,,,,,,,,,,,,,,,,,,,,,,,,,,,,,,,,,,,,,,,,,,,,,,,,,,,,
Hydrogen self-diffusion in single crystal olivine and electrical conductivity of the Earth’s mantle,"Davide Novella, Benjamin Jacobsen, Peter K. Weber, James A. Tyburczy, Frederick J. Ryerson, & Wyatt L. Du Frane",2017,10.1038/s41598-017-05113-6,olivine,olivine,single crystal,C_h exp( a - b/(ln(10)RT))/kT ,nerst_einstein_2,Novella2017,nv_17_ol[010],proton,composite,2.00,,,1023.00,1173.00,,,,,,,,,,,,,74.00,74,,bell (2003),ppm,,,,,NNO,[010],,1.8000E+42,,const,-5.00E+00,0.9,preexp_log,1.782654381,0.196921123,enthalpy,,,,,,,,,,,,,,,,,,,,,,,,,,,,,,,,,,,,,,,,,,,,,,,,,,,,,,,,,,,,,,,,,,,,,,,,,,,,,,,,,,,,,,,,,,,,,,,,,,,,,,,,,,,,,,,,,,,,,,,,,,,,,,,,,,,,,,,,,,,,,,,,,,,,,,,,,,,,,,,,,,,,,,,,,,,,,,,,,,,,,,,,,,,,,,,,,,,,,,,,,,,,,,,,,,,,,,,,,,,,,,,,,,,,,,,,,,
Hydrogen self-diffusion in single crystal olivine and electrical conductivity of the Earth’s mantle,"Davide Novella, Benjamin Jacobsen, Peter K. Weber, James A. Tyburczy, Frederick J. Ryerson, & Wyatt L. Du Frane",2017,10.1038/s41598-017-05113-6,olivine,olivine,single crystal,C_h exp( a - b/(ln(10)RT))/kT ,nerst_einstein_2,Novella2017,nv_17_ol[001],proton,composite,2.00,,,1023.00,1173.00,,,,,,,,,,,,,74.00,74,,bell (2003),ppm,,,,,NNO,[001],,1.8000E+42,,const,-3.50E+00,0.4,preexp_log,1.948482695,0.082914157,enthalpy,,,,,,,,,,,,,,,,,,,,,,,,,,,,,,,,,,,,,,,,,,,,,,,,,,,,,,,,,,,,,,,,,,,,,,,,,,,,,,,,,,,,,,,,,,,,,,,,,,,,,,,,,,,,,,,,,,,,,,,,,,,,,,,,,,,,,,,,,,,,,,,,,,,,,,,,,,,,,,,,,,,,,,,,,,,,,,,,,,,,,,,,,,,,,,,,,,,,,,,,,,,,,,,,,,,,,,,,,,,,,,,,,,,,,,,,,,
H-D Interdiffusion in Single-Crystal Olivine: Implications for Electrical Conductivity in the Upper Mantle,"Wei Sun, Takashi Yoshino, Minami Kuroda, Naoya Sakamoto, Hisayoshi Yurimoto",2019,10.1029/2019JB017576,olivine,olivine,single crystal,a Cw^(1+b) exp( c/kT)/kT,nerst_einstien_3,Sun2019b,sun_19ol[100],proton,single,,3.00,13.00,1000.00,1300.00,,,,,,,,,,,,,136.00,1648,,paterson (1982),ppm,,,,,,[100],,2.9217E+41,,const,-5.00E+00,0.5,preexp_log,0.28,0.03,const,1.450997752,0.114006966,enthalpy,,,,,,,,,,,,,,,,,,,,,,,,,,,,,,,,,,,,,,,,,,,,,,,,,,,,,,,,,,,,,,,,,,,,,,,,,,,,,,,,,,,,,,,,,,,,,,,,,,,,,,,,,,,,,,,,,,,,,,,,,,,,,,,,,,,,,,,,,,,,,,,,,,,,,,,,,,,,,,,,,,,,,,,,,,,,,,,,,,,,,,,,,,,,,,,,,,,,,,,,,,,,,,,,,,,,,,,,,,,,,,,,,,,,,,,
H-D Interdiffusion in Single-Crystal Olivine: Implications for Electrical Conductivity in the Upper Mantle,"Wei Sun, Takashi Yoshino, Minami Kuroda, Naoya Sakamoto, Hisayoshi Yurimoto",2019,10.1029/2019JB017576,olivine,olivine,single crystal,a Cw^(1+b) exp( c/kT)/kT,nerst_einstien_3,Sun2019b,sun_19ol[001],proton,single,,3.00,13.00,1000.00,1300.00,,,,,,,,,,,,,136.00,1648,,paterson (1982),ppm,,,,,,[001],,2.9217E+41,,const,-8.20E+00,0.9,preexp_log,0.55,0.01,const,0.984605617,0.196921123,enthalpy,,,,,,,,,,,,,,,,,,,,,,,,,,,,,,,,,,,,,,,,,,,,,,,,,,,,,,,,,,,,,,,,,,,,,,,,,,,,,,,,,,,,,,,,,,,,,,,,,,,,,,,,,,,,,,,,,,,,,,,,,,,,,,,,,,,,,,,,,,,,,,,,,,,,,,,,,,,,,,,,,,,,,,,,,,,,,,,,,,,,,,,,,,,,,,,,,,,,,,,,,,,,,,,,,,,,,,,,,,,,,,,,,,,,,,,
The Effect of Water on Ionic Conductivity in Olivine,"Hongzhan Fei , Dmitry Druzhbin, and Tomoo Katsura",2020,10.1029/2019JB019313,olivine,olivine,single crystals,a Cw^b exp(-(c + Pd)/kT)/T + e exp( - (f + Pg)/kt),water_exponent_arrhenius_pressure_invT + arrhenius_pressure,Fei2020,fei_20_ol[100],full fit,composite,,2.00,10.00,1480.00,2180.00,,,,,,,,,,,,,18.00,580,,withers (2012),ppm,,,,,Mo-MoO2,[100],sigma2 reduced by 0.02 to conform to low temp trends. May be inaccurate at high water contents (>100 ppm),9.9000E+00,5.00E-01,preexp_log,1.3,0.2,const,3.492758874,0.155464045,enthalpy,4.2,0.4,volume,1.48000E+00,0.2,preexp_log,1.21262E+00,0.134735506,enthalpy,0.5,0.7,volume,,,,,,,,,,,,,,,,,,,,,,,,,,,,,,,,,,,,,,,,,,,,,,,,,,,,,,,,,,,,,,,,,,,,,,,,,,,,,,,,,,,,,,,,,,,,,,,,,,,,,,,,,,,,,,,,,,,,,,,,,,,,,,,,,,,,,,,,,,,,,,,,,,,,,,,,,,,,,,,,,,,,,,,,,,,,,,,,,,,,,,,,,,,,,,,,,,,,,,,,,,,,,,,,,,,,,,,,,,,,,,
The Effect of Water on Ionic Conductivity in Olivine,"Hongzhan Fei , Dmitry Druzhbin, and Tomoo Katsura",2020,10.1029/2019JB019313,olivine,olivine,single crystals,a Cw^b exp(-(c + Pd)/kT)/T + e exp( - (f + Pg)/kt),water_exponent_arrhenius_pressure_invT + arrhenius_pressure,Fei2020,fei_20_ol[010],full fit,composite,,2.00,10.00,1480.00,2180.00,,,,,,,,,,,,,18.00,580,,withers (2012),ppm,,,,,Mo-MoO2,[010],sigma1 increased by 0.02 and sigma2 increased by 0.07,1.1600E+01,4.00E-01,preexp_log,1.3,0.2,const,4.104250784,0.259106741,enthalpy,3.2,0.2,volume,2.75000E+00,0.2,preexp_log,1.68938E+00,0.259106741,enthalpy,-0.2,0.2,volume,,,,,,,,,,,,,,,,,,,,,,,,,,,,,,,,,,,,,,,,,,,,,,,,,,,,,,,,,,,,,,,,,,,,,,,,,,,,,,,,,,,,,,,,,,,,,,,,,,,,,,,,,,,,,,,,,,,,,,,,,,,,,,,,,,,,,,,,,,,,,,,,,,,,,,,,,,,,,,,,,,,,,,,,,,,,,,,,,,,,,,,,,,,,,,,,,,,,,,,,,,,,,,,,,,,,,,,,,,,,,,
The Effect of Water on Ionic Conductivity in Olivine,"Hongzhan Fei , Dmitry Druzhbin, and Tomoo Katsura",2020,10.1029/2019JB019313,olivine,olivine,single crystals,a Cw^b exp(-(c + Pd)/kT)/T + e exp( - (f + Pg)/kt),water_exponent_arrhenius_pressure_invT + arrhenius_pressure,Fei2020,fei_20_ol[001],full fit,composite,,2.00,10.00,1480.00,2180.00,,,,,,,,,,,,,18.00,580,,withers (2012),ppm,,,,,Mo-MoO2,[001],may be inaccurate at high (>200 ppm) water contents.,1.1780E+01,4.00E-01,preexp_log,1.3,0.2,const,3.990243818,0.155464045,enthalpy,4.1,0.4,volume,2.72000E+00,0.3,preexp_log,1.44063E+00,0.134735506,enthalpy,0.5,0.7,volume,,,,,,,,,,,,,,,,,,,,,,,,,,,,,,,,,,,,,,,,,,,,,,,,,,,,,,,,,,,,,,,,,,,,,,,,,,,,,,,,,,,,,,,,,,,,,,,,,,,,,,,,,,,,,,,,,,,,,,,,,,,,,,,,,,,,,,,,,,,,,,,,,,,,,,,,,,,,,,,,,,,,,,,,,,,,,,,,,,,,,,,,,,,,,,,,,,,,,,,,,,,,,,,,,,,,,,,,,,,,,,
The Effect of Water on Ionic Conductivity in Olivine,"Hongzhan Fei , Dmitry Druzhbin, and Tomoo Katsura",2020,10.1029/2019JB019313,olivine,olivine,single crystals,a Cw^b exp(-(c + Pd)/kT)/T ,water_exponent_arrhenius_pressure_invT,Fei2020,fei_20_ol_ionic[100],full fit,composite,,2.00,10.00,1480.00,2180.00,,,,,,,,,,,,,18.00,580,,withers (2012),ppm,,,,,Mo-MoO2,[100],sigma2 reduced by 0.02 to conform to low temp trends. May be inaccurate at high water contents (>100 ppm),9.9000E+00,5.00E-01,preexp_log,1.3,0.2,const,3.492758874,0.155464045,enthalpy,4.2,0.4,volume,,,,,,,,,,,,,,,,,,,,,,,,,,,,,,,,,,,,,,,,,,,,,,,,,,,,,,,,,,,,,,,,,,,,,,,,,,,,,,,,,,,,,,,,,,,,,,,,,,,,,,,,,,,,,,,,,,,,,,,,,,,,,,,,,,,,,,,,,,,,,,,,,,,,,,,,,,,,,,,,,,,,,,,,,,,,,,,,,,,,,,,,,,,,,,,,,,,,,,,,,,,,,,,,,,,,,,,,,,,,,,,,,,,,,,,
The Effect of Water on Ionic Conductivity in Olivine,"Hongzhan Fei , Dmitry Druzhbin, and Tomoo Katsura",2020,10.1029/2019JB019313,olivine,olivine,single crystals,a Cw^b exp(-(c + Pd)/kT)/T ,water_exponent_arrhenius_pressure_invT ,Fei2020,fei_20_ol_ionic[010],full fit,composite,,2.00,10.00,1480.00,2180.00,,,,,,,,,,,,,18.00,580,,withers (2012),ppm,,,,,Mo-MoO2,[010],sigma1 increased by 0.02 and sigma2 increased by 0.07,1.1600E+01,4.00E-01,preexp_log,1.3,0.2,const,4.104250784,0.259106741,enthalpy,3.2,0.2,volume,,,,,,,,,,,,,,,,,,,,,,,,,,,,,,,,,,,,,,,,,,,,,,,,,,,,,,,,,,,,,,,,,,,,,,,,,,,,,,,,,,,,,,,,,,,,,,,,,,,,,,,,,,,,,,,,,,,,,,,,,,,,,,,,,,,,,,,,,,,,,,,,,,,,,,,,,,,,,,,,,,,,,,,,,,,,,,,,,,,,,,,,,,,,,,,,,,,,,,,,,,,,,,,,,,,,,,,,,,,,,,,,,,,,,,,
The Effect of Water on Ionic Conductivity in Olivine,"Hongzhan Fei , Dmitry Druzhbin, and Tomoo Katsura",2020,10.1029/2019JB019313,olivine,olivine,single crystals,a Cw^b exp(-(c + Pd)/kT)/T ,water_exponent_arrhenius_pressure_invT,Fei2020,fei_20_ol_ionic[001],full fit,composite,,2.00,10.00,1480.00,2180.00,,,,,,,,,,,,,18.00,580,,withers (2012),ppm,,,,,Mo-MoO2,[001],may be inaccurate at high (>200 ppm) water contents.,1.1780E+01,4.00E-01,preexp_log,1.3,0.2,const,3.990243818,0.155464045,enthalpy,4.1,0.4,volume,,,,,,,,,,,,,,,,,,,,,,,,,,,,,,,,,,,,,,,,,,,,,,,,,,,,,,,,,,,,,,,,,,,,,,,,,,,,,,,,,,,,,,,,,,,,,,,,,,,,,,,,,,,,,,,,,,,,,,,,,,,,,,,,,,,,,,,,,,,,,,,,,,,,,,,,,,,,,,,,,,,,,,,,,,,,,,,,,,,,,,,,,,,,,,,,,,,,,,,,,,,,,,,,,,,,,,,,,,,,,,,,,,,,,,,
Electrical Conductivity of Omphacite as a Function of Water Content and Implications for High Conductivity Anomalies in the Dabie-Sulu UHPM Belts and Tibet,"Baohua Zhang, Chengcheng Zhao, Jianhua Ge, Takashi Yoshino",2019,10.1029/2019JB018826,omphacite,glasses,synthetic glass,a (X_fe+b)^c Cw^d exp( (-e- f(X_fe+b)- gCw^(h))/kT),iron_water_arrhenius2,Zhang2019,zhang_19_omph,full fit,single,,3.00,5.00,500.00,1300.00,,,,,,,,,,,,,0.00,0.122,,paterson (1982),wtpct,0,6.5,,wt \%,NNO,isotropic,had to add a miniscule amount of iron (1e-4) to make equation stable in 'iron free' realms. Eqn also doesn't match publication exactly. ,1.4830E+03,2.60E+02,preexp,1.00E-05,3.0000E-02,const,9.0000E-02,3.0000E-02,exponent,1.1000E+00,1.0000E-01,exponent,1.05000E+00,3.0000E-02,enthalpy,-7.10000E-01,5.0000E-02,const,1.0000E+00,,const,-3.8000E-01,7.0000E-02,const,3.3333E-01,,const,,,,,,,,,,,,,,,,,,,,,,,,,,,,,,,,,,,,,,,,,,,,,,,,,,,,,,,,,,,,,,,,,,,,,,,,,,,,,,,,,,,,,,,,,,,,,,,,,,,,,,,,,,,,,,,,,,,,,,,,,,,,,,,,,,,,,,,,,,,,,,,,,,,,,,,,,,,,,,,,,,,,,,,,,,,,,,,,,,,,,,,,,,,,,,,,,,,,,,,,,,,,,,,,,,,,,,,,
Electrical conductivity of OH-bearing omphacite and garnet in eclogite: the quantitative dependence on water content,"Liu Hanyong, Zhu Qiao, Yang Xiaozhi",2019,10.1007/s00410-019-1593-3,omphacite,omphacite,single crystals,a Cw^b exp( -c /kT),water_exponent_arrhenius,Liu2019,Liu_19_omph,full fit,single,1.00,,,573.00,973.00,,,,,,,,,,,,,0.01,0.03,,,wtpct,,,,,NNO,isotropic,,3.5100E+00,1.10E-01,preexp_log,1.10E+00,4.0000E-02,exponent,8.4990E-01,1.0360E-02,enthalpy,,,,,,,,,,,,,,,,,,,,,,,,,,,,,,,,,,,,,,,,,,,,,,,,,,,,,,,,,,,,,,,,,,,,,,,,,,,,,,,,,,,,,,,,,,,,,,,,,,,,,,,,,,,,,,,,,,,,,,,,,,,,,,,,,,,,,,,,,,,,,,,,,,,,,,,,,,,,,,,,,,,,,,,,,,,,,,,,,,,,,,,,,,,,,,,,,,,,,,,,,,,,,,,,,,,,,,,,,,,,,,,,,,,,,,,,,,
Electrical conductivity of omphacite and garnet indicates limited deep water recycling by crust subduction,"Hanyong Liu, Kai Zhang, Jannick Ingrin, Xiaozhi Yang ",2021,https://doi.org/10.1016/j.epsl.2021.116784,omphacite,hydrous iron oomphacite with garnet,sintered natural material,a (X_fe+b)^c Cw^d exp( (-e- f(X_fe+b)- gCw^(h))/kT),iron_water_arrhenius2,Liu2021,Liu_21_omph,full fit,single,,1,2.5,525.15,975.15,,,,,,,,,,,,,0.00007,300,,katayama et al. (2006) ,total_frac,0.394372882,0.627238063,,"molar weight, MgO normalized",Ni-NiO,isotropic,could not match equation exactly but found constants which match data closer than graph,2.8917E+05,3.80E+04,preexp,1.00E-05,3.0000E-02,const,-9.00E-02,9.0000E-02,iron preexp,1.0000E+00,0.0000E+00,water_exp,1.2900E+00,6.2186E-02,enthalpy,-7.16378E-01,6.2186E-02,const,3.33333E-01,,const,2.6947E-01,8.2914E-02,const,3.33333E-01,,const,,,,,,,,,,,,,,,,,,,,,,,,,,,,,,,,,,,,,,,,,,,,,,,,,,,,,,,,,,,,,,,,,,,,,,,,,,,,,,,,,,,,,,,,,,,,,,,,,,,,,,,,,,,,,,,,,,,,,,,,,,,,,,,,,,,,,,,,,,,,,,,,,,,,,,,,,,,,,,,,,,,,,,,,,,,,,,,,,,,,,,,,,,,,,,,,,,,,,,,,,,,,,,,,,,,,,,,,
Electrical conductivity of orthopyroxene and its high pressure phases,Yousheng Xu and Thomas J. Shankland,1999,10.1029/1999GL008378,orthopyroxene,orthopyroxene,synthetic,a exp(-b /kT),arrhenius_simple,xu1999,xu_1999_opx,full fit,single,5.00,,,1273.00,1673.00,,,,,,,,,,,,,,,,,,,,,,Mo–MoO2 ,isotropic,,3.7200E+00,6.00E-02,preexp_log,1.80E+00,2.0000E-01,enthalpy,,,,,,,,,,,,,,,,,,,,,,,,,,,,,,,,,,,,,,,,,,,,,,,,,,,,,,,,,,,,,,,,,,,,,,,,,,,,,,,,,,,,,,,,,,,,,,,,,,,,,,,,,,,,,,,,,,,,,,,,,,,,,,,,,,,,,,,,,,,,,,,,,,,,,,,,,,,,,,,,,,,,,,,,,,,,,,,,,,,,,,,,,,,,,,,,,,,,,,,,,,,,,,,,,,,,,,,,,,,,,,,,,,,,,,,,,,,,,
Experimental Study on the Electrical Conductivity of Orthopyroxene at High Temperature and High Pressure under Different Oxygen Fugacities,"Dai Lidong, Li Heping, Liu Congqiang,Shan Shuangming, Cui Tongdi, and Su Genli",2005,10.1111/j.1755-6724.2005.tb00935.x,orthopyroxene,orthopyroxene,single crystals,a exp( -b +Pc /kT),arrhenius_pressure,Dai2005,d_2005_opx,full fit,single, ,1.00,4.00,1073.00,1423.00,,,,,,,,,,,,,,,,,nan,,,,,several,isotropic,used an activation volume of 3.9 instead of 0.03 to fit figure. Reduced activation energy to 1.68 as well. ,3.7900E+00,6.00E-02,preexp_log,1.68E+00,3.5000E-02,enthalpy,3.9000E+00,1.0000E-02,volume,,,,,,,,,,,,,,,,,,,,,,,,,,,,,,,,,,,,,,,,,,,,,,,,,,,,,,,,,,,,,,,,,,,,,,,,,,,,,,,,,,,,,,,,,,,,,,,,,,,,,,,,,,,,,,,,,,,,,,,,,,,,,,,,,,,,,,,,,,,,,,,,,,,,,,,,,,,,,,,,,,,,,,,,,,,,,,,,,,,,,,,,,,,,,,,,,,,,,,,,,,,,,,,,,,,,,,,,,,,,,,,,,,,,,,,,,,
Electrical conductivity of orthopyroxene: Implications for the water content of the asthenosphere,"Dai Lidong, Karato Shun-ichiro",2009,10.2183/pjab.85.466,orthopyroxene,orthopyroxene,single crystals,a exp( -b /kT)+c Cw^d exp( -e /kT),arrhenius_simple+water_exponent_arrhenius,DaiKarato2009a,dk_2009_opx,full fit,single,8.00,,,873.00,1273.00,,,,,,,,,,,,,0.00,0.042,,paterson (1982),wtpct,,,0.1,,Mo-MoO2,isotropic,had to adjust preexp log upwards by 0.2 for first mechanism. Second mechanism had to be adjusted downward 0.4 log units in the preexp. The second enthalpy also needed adjustment,2.6000E+00,,preexp_log,1.52E+00,,enthalpy,2.2000E+00,,preexp_log,6.2000E-01,,exponent,7.70000E-01,,enthalpy,,,,,,,,,,,,,,,,,,,,,,,,,,,,,,,,,,,,,,,,,,,,,,,,,,,,,,,,,,,,,,,,,,,,,,,,,,,,,,,,,,,,,,,,,,,,,,,,,,,,,,,,,,,,,,,,,,,,,,,,,,,,,,,,,,,,,,,,,,,,,,,,,,,,,,,,,,,,,,,,,,,,,,,,,,,,,,,,,,,,,,,,,,,,,,,,,,,,,,,,,,,,,,,,,,,,,,,,,,,,,,,,,,,,
Electrical conductivity of orthopyroxene and plagioclase in the lower crust,"Xiaozhi Yang, Hans Keppler, Catherine McCammon, Huaiwei Ni",2011,10.1007/s00410-011-0657-9,orthopyroxene,lower crustal ortho,single crystals,a exp( -b /kT)+c Cw^d exp( -e /kT),arrhenius_simple+water_exponent_arrhenius,Yang2011a,yang_11a_opx,full fit,single,,0.60,1.20,573.00,1273.00,,,,,,,,,,,,,0.00,0.0285,,bell (1995),wtpct,,,0.33,,,isotropic,,2.3900E+00,1.80E-01,preexp_log,1.09E+00,3.1100E-02,enthalpy,3.8300E+00,1.0000E-01,preexp_log,9.0000E-01,4.0000E-02,exponent,8.39500E-01,1.3500E-02,enthalpy,,,,,,,,,,,,,,,,,,,,,,,,,,,,,,,,,,,,,,,,,,,,,,,,,,,,,,,,,,,,,,,,,,,,,,,,,,,,,,,,,,,,,,,,,,,,,,,,,,,,,,,,,,,,,,,,,,,,,,,,,,,,,,,,,,,,,,,,,,,,,,,,,,,,,,,,,,,,,,,,,,,,,,,,,,,,,,,,,,,,,,,,,,,,,,,,,,,,,,,,,,,,,,,,,,,,,,,,,,,,,,,,,,,,
Electrical conductivity of enstatite as a function of water content: Implications for the electrical structure in the upper mantle,"Baohua Zhang, Takashi Yoshino, Xiaoping Wu, Takuya Matsuzaki, Shuangming Shan, Tomoo Katsura",2012,10.1016/j.epsl.2012.09.020,orthopyroxene,enstatite,polycrystalline  aggregates,a exp( -b /kT)+c Cw exp( -(d + e C_w^(1/3) /kT),arrhenius_simple+water_preexp_enthalpy_arrhenius,Zhang2012,zh_2012_ortho,full fit,single,3.00,,,500.00,1723.00,,,,,,,,,,,,,0.00,0.241,,paterson (1982),wtpct,,,,,Mo-MoO2,isotropic,,3.9900E+00,2.30E-01,preexp_log,1.88E+00,7.0000E-02,enthalpy,2.5800E+00,1.4000E-01,preexp_log,8.4000E-01,3.0000E-02,enthalpy,8.00000E-03,3.0000E-03,const,3.33333E-01,,const,,,,,,,,,,,,,,,,,,,,,,,,,,,,,,,,,,,,,,,,,,,,,,,,,,,,,,,,,,,,,,,,,,,,,,,,,,,,,,,,,,,,,,,,,,,,,,,,,,,,,,,,,,,,,,,,,,,,,,,,,,,,,,,,,,,,,,,,,,,,,,,,,,,,,,,,,,,,,,,,,,,,,,,,,,,,,,,,,,,,,,,,,,,,,,,,,,,,,,,,,,,,,,,,,,,,,,,,,,,,,,,,,
"Effect of temperature, pressure and iron content on the electrical conductivity of orthopyroxene","Baohua Zhang, Takashi Yoshino",2016,10.1007/s00410-016-1315-z,orthopyroxene,orthopyroxene,synthetic powders,a exp( -(b + c * P)/kT) + d*Xfe * exp( -(e + f* Xfe^1/3 + P( h + I Xfe)/kT),arrhenius_pressure+iron_preexp_enthalpy_arrhenius,ZhangYoshino2016,zhang_2016_opx,full fit,single,,1.50,5.00,900.00,1573.00,,,,,,,,,,,,,2.00,3,,paterson (1982),ppm,0,1,0.5,,NNO,isotropic,,8.5561E+05,3.90E+01,preexp,2.51E+00,2.0000E-02,enthalpy,4.1500E+00,7.1000E-01,volume,1.6300E+02,1.0000E+00,preexp,2.33000E+00,1.0000E+00,enthalpy,-1.99000E+00,6.0000E-02,const,1.0600E+00,4.4000E-01,volume,-1.20000E-01,7.6000E-01,const,,,,,,,,,,,,,,,,,,,,,,,,,,,,,,,,,,,,,,,,,,,,,,,,,,,,,,,,,,,,,,,,,,,,,,,,,,,,,,,,,,,,,,,,,,,,,,,,,,,,,,,,,,,,,,,,,,,,,,,,,,,,,,,,,,,,,,,,,,,,,,,,,,,,,,,,,,,,,,,,,,,,,,,,,,,,,,,,,,,,,,,,,,,,,,,,,,,,,,,,,,,,,,,,,,,,,,,,,,,
The electrical conductivity of upper-mantle rocks: water content in the upper mantle,"Duojun Wang, Heping Li, Li Yi, Baoping Shi",2008,10.1007/s00269-007-0207-1,peridotite,"pyroxenite, lherzolite, dunite",natural whole rock,a (Cw)^b exp( -c/kt) exp(X_fe * d/kt),iron_water_arrhenius1,wang2008,wang_08_per,full fit,single,2.50,2.00,3.00,1273.00,1573.00,,,,,,,,,,,,,1.26,2.21,1.735,paterson (1982),wtpct,0.039,0.545,0.292,,Mo–MoO2 ,isotropic,,5.2000E+00,4.00E-01,preexp_log,6.70E-01,7.0000E-02,exponent,1.8970E+00,9.3300E-02,enthalpy,8.1878E-01,3.1093E-02,enthalpy,,,,,,,,,,,,,,,,,,,,,,,,,,,,,,,,,,,,,,,,,,,,,,,,,,,,,,,,,,,,,,,,,,,,,,,,,,,,,,,,,,,,,,,,,,,,,,,,,,,,,,,,,,,,,,,,,,,,,,,,,,,,,,,,,,,,,,,,,,,,,,,,,,,,,,,,,,,,,,,,,,,,,,,,,,,,,,,,,,,,,,,,,,,,,,,,,,,,,,,,,,,,,,,,,,,,,,,,,,,,,,,,,,,,,,,
Electrical conductivity of orthopyroxene and its high pressure phases,Yousheng Xu and Thomas J. Shankland,1999,10.1029/1999GL008378,pervoskite,pervoskite,synthetic,a exp(-b /kT),arrhenius_simple,xu1999,xu_1999_pv,full fit,single,25.00,,,1673.00,1873.00,,,,,,,,,,,,,,,,,,,,,,Mo–MoO2 ,isotropic,,1.8700E+00,1.10E-01,preexp_log,7.00E-01,4.0000E-02,enthalpy,,,,,,,,,,,,,,,,,,,,,,,,,,,,,,,,,,,,,,,,,,,,,,,,,,,,,,,,,,,,,,,,,,,,,,,,,,,,,,,,,,,,,,,,,,,,,,,,,,,,,,,,,,,,,,,,,,,,,,,,,,,,,,,,,,,,,,,,,,,,,,,,,,,,,,,,,,,,,,,,,,,,,,,,,,,,,,,,,,,,,,,,,,,,,,,,,,,,,,,,,,,,,,,,,,,,,,,,,,,,,,,,,,,,,,,,,,,,,
Unusually high electrical conductivity of phlogopite: the possible role of fluorine and geophysical implications,"Yan Li, Xiaozhi Yang, Jin_Hai Yu1, Yuan_Feng Cai",2016,10.1007/s00410-016-1252-x,phlogopite,phlogopite,single crystal,a exp(-b /kT),arrhenius_simple,Li2016,yL_16_phlogopite[010],full fit,composite,1.00,,,473.00,1173.00,,,,,,,,,,,,,0.45,0.45,,Libowitzky and rossman (1996),wtpct,,,,,NNO,[010],,1.0150E+01,2.20E-01,preexp_log,2.11E+00,3.1090E-02,enthalpy,,,,,,,,,,,,,,,,,,,,,,,,,,,,,,,,,,,,,,,,,,,,,,,,,,,,,,,,,,,,,,,,,,,,,,,,,,,,,,,,,,,,,,,,,,,,,,,,,,,,,,,,,,,,,,,,,,,,,,,,,,,,,,,,,,,,,,,,,,,,,,,,,,,,,,,,,,,,,,,,,,,,,,,,,,,,,,,,,,,,,,,,,,,,,,,,,,,,,,,,,,,,,,,,,,,,,,,,,,,,,,,,,,,,,,,,,,,,,
Unusually high electrical conductivity of phlogopite: the possible role of fluorine and geophysical implications,"Yan Li, Xiaozhi Yang, Jin_Hai Yu1, Yuan_Feng Cai",2016,10.1007/s00410-016-1252-x,phlogopite,phlogopite,single crystal,a exp(-b /kT),arrhenius_simple,Li2016,yL_16_phlogopite[110],full fit,composite,1.00,,,473.00,1173.00,,,,,,,,,,,,,0.45,0.45,,Libowitzky and rossman (1996),wtpct,,,,,NNO,[110],,8.4100E+00,2.40E-01,preexp_log,1.86E+00,4.1460E-02,enthalpy,,,,,,,,,,,,,,,,,,,,,,,,,,,,,,,,,,,,,,,,,,,,,,,,,,,,,,,,,,,,,,,,,,,,,,,,,,,,,,,,,,,,,,,,,,,,,,,,,,,,,,,,,,,,,,,,,,,,,,,,,,,,,,,,,,,,,,,,,,,,,,,,,,,,,,,,,,,,,,,,,,,,,,,,,,,,,,,,,,,,,,,,,,,,,,,,,,,,,,,,,,,,,,,,,,,,,,,,,,,,,,,,,,,,,,,,,,,,,
Unusually high electrical conductivity of phlogopite: the possible role of fluorine and geophysical implications,"Yan Li, Xiaozhi Yang, Jin_Hai Yu1, Yuan_Feng Cai",2016,10.1007/s00410-016-1252-x,phlogopite,phlogopite,single crystal,a exp(-b /kT),arrhenius_simple,Li2016,yL_16_phlogopite[001],full fit,composite,1.00,,,473.00,1173.00,,,,,,,,,,,,,0.45,0.45,,Libowitzky and rossman (1996),wtpct,,,,,NNO,[001],,6.0900E+00,3.40E-01,preexp_log,1.39E+00,5.1820E-02,enthalpy,,,,,,,,,,,,,,,,,,,,,,,,,,,,,,,,,,,,,,,,,,,,,,,,,,,,,,,,,,,,,,,,,,,,,,,,,,,,,,,,,,,,,,,,,,,,,,,,,,,,,,,,,,,,,,,,,,,,,,,,,,,,,,,,,,,,,,,,,,,,,,,,,,,,,,,,,,,,,,,,,,,,,,,,,,,,,,,,,,,,,,,,,,,,,,,,,,,,,,,,,,,,,,,,,,,,,,,,,,,,,,,,,,,,,,,,,,,,,
Electrical conductivity of orthopyroxene and plagioclase in the lower crust,"Xiaozhi Yang, Hans Keppler, Catherine McCammon, Huaiwei Ni",2011,10.1007/s00410-011-0657-9,plagioclase,plagioclase,single crystals,a exp( -b /kT)+c Cw^d exp( -e /kT),arrhenius_simple+water_exponent_arrhenius,Yang2011a,yang_11a_plag,full fit,single,,0.60,1.20,573.00,1273.00,,,,,,,,,,,,,0.00,0.089,,Johnson and Rossman (2003),wtpct,,,,,,isotropic,,4.1200E+00,3.40E-01,preexp_log,1.67E+00,6.2200E-02,enthalpy,2.4900E+00,1.4000E-01,preexp_log,8.3000E-01,6.0000E-02,exponent,7.98000E-01,2.7030E-02,enthalpy,,,,,,,,,,,,,,,,,,,,,,,,,,,,,,,,,,,,,,,,,,,,,,,,,,,,,,,,,,,,,,,,,,,,,,,,,,,,,,,,,,,,,,,,,,,,,,,,,,,,,,,,,,,,,,,,,,,,,,,,,,,,,,,,,,,,,,,,,,,,,,,,,,,,,,,,,,,,,,,,,,,,,,,,,,,,,,,,,,,,,,,,,,,,,,,,,,,,,,,,,,,,,,,,,,,,,,,,,,,,,,,,,,,,
"Orientation-related electrical conductivity of hydrous olivine, clinopyroxene and plagioclase and implications for the structure of the lower continental crust and uppermost mantle",Xiaozhi Yang,2012,10.1016/j.epsl.2011.11.011,plagioclase,plagioclase,single crystals,a exp(-b /kT),arrhenius_simple,Yang2012,yang_12b_plag[100],full fit,composite,0.10,,,473.15,1073.15,,,,,,,,,,,,,95.00,110,,Johnson and Rossman (2003),ppm,,,,,NNO,[100],,2.8500E+00,2.40E-01,preexp_log,1.28E+00,4.1440E-02,enthalpy,,,,,,,,,,,,,,,,,,,,,,,,,,,,,,,,,,,,,,,,,,,,,,,,,,,,,,,,,,,,,,,,,,,,,,,,,,,,,,,,,,,,,,,,,,,,,,,,,,,,,,,,,,,,,,,,,,,,,,,,,,,,,,,,,,,,,,,,,,,,,,,,,,,,,,,,,,,,,,,,,,,,,,,,,,,,,,,,,,,,,,,,,,,,,,,,,,,,,,,,,,,,,,,,,,,,,,,,,,,,,,,,,,,,,,,,,,,,,
"Orientation-related electrical conductivity of hydrous olivine, clinopyroxene and plagioclase and implications for the structure of the lower continental crust and uppermost mantle",Xiaozhi Yang,2012,10.1016/j.epsl.2011.11.011,plagioclase,plagioclase,single crystals,a exp(-b /kT),arrhenius_simple,Yang2012,yang_12b_plag[010],full fit,composite,0.10,,,473.15,1073.15,,,,,,,,,,,,,95.00,110,,Johnson and Rossman (2003),ppm,,,,,NNO,[010],,3.9700E+00,2.20E-01,preexp_log,1.35E+00,4.1440E-02,enthalpy,,,,,,,,,,,,,,,,,,,,,,,,,,,,,,,,,,,,,,,,,,,,,,,,,,,,,,,,,,,,,,,,,,,,,,,,,,,,,,,,,,,,,,,,,,,,,,,,,,,,,,,,,,,,,,,,,,,,,,,,,,,,,,,,,,,,,,,,,,,,,,,,,,,,,,,,,,,,,,,,,,,,,,,,,,,,,,,,,,,,,,,,,,,,,,,,,,,,,,,,,,,,,,,,,,,,,,,,,,,,,,,,,,,,,,,,,,,,,
"Orientation-related electrical conductivity of hydrous olivine, clinopyroxene and plagioclase and implications for the structure of the lower continental crust and uppermost mantle",Xiaozhi Yang,2012,10.1016/j.epsl.2011.11.011,plagioclase,plagioclase,single crystals,a exp(-b /kT),arrhenius_simple,Yang2012,yang_12b_plag[001],full fit,composite,0.10,,,473.15,1073.15,,,,,,,,,,,,,95.00,110,,Johnson and Rossman (2003),ppm,,,,,NNO,[001],,2.8000E+00,3.40E-01,preexp_log,1.19E+00,5.1800E-02,enthalpy,,,,,,,,,,,,,,,,,,,,,,,,,,,,,,,,,,,,,,,,,,,,,,,,,,,,,,,,,,,,,,,,,,,,,,,,,,,,,,,,,,,,,,,,,,,,,,,,,,,,,,,,,,,,,,,,,,,,,,,,,,,,,,,,,,,,,,,,,,,,,,,,,,,,,,,,,,,,,,,,,,,,,,,,,,,,,,,,,,,,,,,,,,,,,,,,,,,,,,,,,,,,,,,,,,,,,,,,,,,,,,,,,,,,,,,,,,,,,
Electrical conductivity of the plagioclase–NaCl–water system and its implication for the high conductivity anomalies in the mid-lower crust of Tibet Plateau,"Ping Li, Xinzhuan Guo1, Sibo Chen, Chao Wang, Junlong Yang,  Xingfan Zhou,",2018,10.1007/s00410-018-1442-9,plagioclase,plagioclase,synthesized,a exp(-b /kT),arrhenius_simple,Li2018,Li_18_dry_plag,full fit,single,1.00,,,725.00,925.00,,,,,,,,,,,,,0.00,0,0,Johnson and Rossman (2003),ppm,,,,,,isotropic,,3.7110E+04,,preexp,1.40E+00,,enthalpy,,,,,,,,,,,,,,,,,,,,,,,,,,,,,,,,,,,,,,,,,,,,,,,,,,,,,,,,,,,,,,,,,,,,,,,,,,,,,,,,,,,,,,,,,,,,,,,,,,,,,,,,,,,,,,,,,,,,,,,,,,,,,,,,,,,,,,,,,,,,,,,,,,,,,,,,,,,,,,,,,,,,,,,,,,,,,,,,,,,,,,,,,,,,,,,,,,,,,,,,,,,,,,,,,,,,,,,,,,,,,,,,,,,,,,,,,,,,,
Electrical conductivity of the plagioclase–NaCl–water system and its implication for the high conductivity anomalies in the mid-lower crust of Tibet Plateau,"Ping Li, Xinzhuan Guo1, Sibo Chen, Chao Wang, Junlong Yang,  Xingfan Zhou,",2018,10.1007/s00410-018-1442-9,plagioclase,wet plagioclase,synthesized,a exp(-b /kT),arrhenius_simple,Li2018,Li_18_wet_plag,full fit,single,1.00,,,750.00,900.00,,,,,,,,,,,,,1725.00,1843,,Johnson and Rossman (2003),ppm,,,,,,isotropic,,1.5930E+01,,preexp,5.90E-01,,enthalpy,,,,,,,,,,,,,,,,,,,,,,,,,,,,,,,,,,,,,,,,,,,,,,,,,,,,,,,,,,,,,,,,,,,,,,,,,,,,,,,,,,,,,,,,,,,,,,,,,,,,,,,,,,,,,,,,,,,,,,,,,,,,,,,,,,,,,,,,,,,,,,,,,,,,,,,,,,,,,,,,,,,,,,,,,,,,,,,,,,,,,,,,,,,,,,,,,,,,,,,,,,,,,,,,,,,,,,,,,,,,,,,,,,,,,,,,,,,,,
"Effect of Temperature, Pressure, and Chemical Composition on the Electrical Conductivity of Schist: Implications for Electrical Structures under the Tibetan Plateau","Wenqing Sun, Lidong Dai, Heping Li, Haiying Hu, Changcai Liu, and Mengqi Wang",2019,doi:10.3390/ma12060961,schist,schist,natural samples,a exp(-b/kT),arrhenius_simple,Sun2019c,sun_19_schist_ds18,full fit,single,1.5,,,623,1073,,,,,,,,,,,,,0.36,0.36,,stochimetric,wtpct,,,,,N-NO,isotropic,,7.7000E-01,3.00E-02,preexp_log,4.58E-01,9.85E-03,enthalpy,,,,,,,,,,,,,,,,,,,,,,,,,,,,,,,,,,,,,,,,,,,,,,,,,,,,,,,,,,,,,,,,,,,,,,,,,,,,,,,,,,,,,,,,,,,,,,,,,,,,,,,,,,,,,,,,,,,,,,,,,,,,,,,,,,,,,,,,,,,,,,,,,,,,,,,,,,,,,,,,,,,,,,,,,,,,,,,,,,,,,,,,,,,,,,,,,,,,,,,,,,,,,,,,,,,,,,,,,,,,,,,,,,,,,,,,,,,,,
"Effect of Temperature, Pressure, and Chemical Composition on the Electrical Conductivity of Schist: Implications for Electrical Structures under the Tibetan Plateau","Wenqing Sun, Lidong Dai, Heping Li, Haiying Hu, Changcai Liu, and Mengqi Wang",2019,doi:10.3390/ma12060961,schist,schist,natural samples,a exp(-b/kT),arrhenius_simple,Sun2019c,sun_19_schist_ds20,full fit,single,1.5,,,623,1073,,,,,,,,,,,,,0.73,0.73,,stochimetric,wtpct,,,,,N-NO,isotropic,,1.5800E+00,2.00E-02,preexp_log,6.17E-01,9.33E-03,enthalpy,,,,,,,,,,,,,,,,,,,,,,,,,,,,,,,,,,,,,,,,,,,,,,,,,,,,,,,,,,,,,,,,,,,,,,,,,,,,,,,,,,,,,,,,,,,,,,,,,,,,,,,,,,,,,,,,,,,,,,,,,,,,,,,,,,,,,,,,,,,,,,,,,,,,,,,,,,,,,,,,,,,,,,,,,,,,,,,,,,,,,,,,,,,,,,,,,,,,,,,,,,,,,,,,,,,,,,,,,,,,,,,,,,,,,,,,,,,,,
Dry mantle transition zone inferred from the conductivity of wadsleyite and ringwoodite,"Takashi Yoshino, Geeth Manthilake, Takuya Matsuzaki,  Tomoo Katsura",2008,doi:10.1038/nature06427,wadsleyite,wadsleyite,,a exp( -b /kT)+c Cw exp( -(d + e C_w^(h) /kT),arrhenius_simple+water_preexp_enthalpy_arrhenius,Yoshino2008b,y_08_wads,full fit,single,16.00,,,300.00,2000.00,,,,,,,,,,,,,0.00,1.2,,paterson (1982),wtpct,,,,,Mo–MoO2,isotropic,,3.9900E+02,3.11E+02,preexp,1.49,0.1,enthalpy,7.7400E+00,4.0800E+00,preexp,6.8000E-01,3.0000E-02,enthalpy,-2.00000E-02,2.0000E-02,const,3.33333E-01,,const,,,,,,,,,,,,,,,,,,,,,,,,,,,,,,,,,,,,,,,,,,,,,,,,,,,,,,,,,,,,,,,,,,,,,,,,,,,,,,,,,,,,,,,,,,,,,,,,,,,,,,,,,,,,,,,,,,,,,,,,,,,,,,,,,,,,,,,,,,,,,,,,,,,,,,,,,,,,,,,,,,,,,,,,,,,,,,,,,,,,,,,,,,,,,,,,,,,,,,,,,,,,,,,,,,,,,,,,,,,,,,,,,
Re-evaluation of electrical conductivity of anhydrous and hydrous wadsleyite,"Takashi Yoshino, Tomoo Katsura,",2012,10.1016/j.epsl.2012.05.023,wadsleyite,wadsleyite,polycrystal aggregates and synthetic aggregates,a exp( -b /kT)+c Cw exp( -(d + e C_w^(h) /kT),arrhenius_simple+water_preexp_enthalpy_arrhenius,Yoshino2012a,yk_12_wads,full fit,single,16.00,,,800.00,2000.00,,,,,,,,,,,,,0.00,0.62,,paterson (1982),wtpct,,,,,Mo-MoO2,isotropic,only works when the small polaron conduction enthalpy is set to 1.5 and the water exponent in proton conduction is one,2.8800E+02,3.80E+01,preexp,1.50E+00,2.0000E-02,enthalpy,2.5000E+01,3.0000E+00,preexp,8.3000E-01,2.0000E+00,enthalpy,-2.00000E-01,2.0000E-02,const,1.00000E+00,,const,,,,,,,,,,,,,,,,,,,,,,,,,,,,,,,,,,,,,,,,,,,,,,,,,,,,,,,,,,,,,,,,,,,,,,,,,,,,,,,,,,,,,,,,,,,,,,,,,,,,,,,,,,,,,,,,,,,,,,,,,,,,,,,,,,,,,,,,,,,,,,,,,,,,,,,,,,,,,,,,,,,,,,,,,,,,,,,,,,,,,,,,,,,,,,,,,,,,,,,,,,,,,,,,,,,,,,,,,,,,,,,,,
Supercritical fluid in the mantle transition zone deduced from H–D interdiffusion of wadsleyite,"Wei Sun, Takashi Yoshino, Naoya Sakamoto, Hisayoshi Yurimoto,",2018,10.1016/j.epsl.2017.12.032 0012-821X,wadsleyite,wadsleyite,synthesized aggregates,a exp(b/kT) Ch /kT,nerst_einstein1+arrhenius_simple,Sun2018,sun_18_wads[001],full fit,composite,16.00,,,1000.00,1200.00,,,,,,,,,,,,,0.90,2.4,,paterson (1982),wtpct,,,,,,[001],actual preexp had to be adjusted downwards slightly to match conductivity figures. Preexp also contains adjustment factors not given in publication. Enthalpy also converted to EV and adjusted to match diffusion graph,4.6606E-01,3.30E-01,preexp_log,7.77E-01,6.2190E-02,enthalpy,3.9900E+02,3.1100E+02,preexp,1.49,0.1,enthalpy,,,,,,,,,,,,,,,,,,,,,,,,,,,,,,,,,,,,,,,,,,,,,,,,,,,,,,,,,,,,,,,,,,,,,,,,,,,,,,,,,,,,,,,,,,,,,,,,,,,,,,,,,,,,,,,,,,,,,,,,,,,,,,,,,,,,,,,,,,,,,,,,,,,,,,,,,,,,,,,,,,,,,,,,,,,,,,,,,,,,,,,,,,,,,,,,,,,,,,,,,,,,,,,,,,,,,,,,,,,,,,,,,,,,,,,
Supercritical fluid in the mantle transition zone deduced from H–D interdiffusion of wadsleyite,"Wei Sun, Takashi Yoshino, Naoya Sakamoto, Hisayoshi Yurimoto,",2018,10.1016/j.epsl.2017.12.032 0012-821X,wadsleyite,wadsleyite,synthesized aggregates,a exp(b/kT) Ch /kT,nerst_einstein1+arrhenius_simple,Sun2018,sun_18_wads[010],full fit,composite,16.00,,,1000.00,1200.00,,,,,,,,,,,,,0.90,2.4,,paterson (1982),wtpct,,,,,,[010],actual preexp had to be adjusted downwards slightly to match conductivity figures. Preexp also contains adjustment factors not given in publication. Enthalpy also converted to EV and adjusted to match diffusion graph,2.7410E+00,4.80E-01,preexp_log,1.41E+00,1.1400E-01,enthalpy,3.9900E+02,3.1100E+02,preexp,1.49,0.1,enthalpy,,,,,,,,,,,,,,,,,,,,,,,,,,,,,,,,,,,,,,,,,,,,,,,,,,,,,,,,,,,,,,,,,,,,,,,,,,,,,,,,,,,,,,,,,,,,,,,,,,,,,,,,,,,,,,,,,,,,,,,,,,,,,,,,,,,,,,,,,,,,,,,,,,,,,,,,,,,,,,,,,,,,,,,,,,,,,,,,,,,,,,,,,,,,,,,,,,,,,,,,,,,,,,,,,,,,,,,,,,,,,,,,,,,,,,,
Supercritical fluid in the mantle transition zone deduced from H–D interdiffusion of wadsleyite,"Wei Sun, Takashi Yoshino, Naoya Sakamoto, Hisayoshi Yurimoto,",2018,10.1016/j.epsl.2017.12.032 0012-821X,wadsleyite,wadsleyite,synthesized aggregates,a exp(b/kT) Ch /kT,nerst_einstein1+arrhenius_simple,Sun2018,sun_18_wads[100],full fit,composite,16.00,,,1000.00,1200.00,,,,,,,,,,,,,0.90,2.4,,paterson (1982),wtpct,,,,,,[100],actual preexp had to be adjusted downwards slightly to match conductivity figures. Preexp also contains adjustment factors not given in publication. Enthalpy also converted to EV and adjusted to match diffusion graph,1.2810E+00,6.00E-01,preexp_log,1.03E+00,1.5500E-01,enthalpy,3.9900E+02,3.1100E+02,preexp,1.49,0.1,enthalpy,,,,,,,,,,,,,,,,,,,,,,,,,,,,,,,,,,,,,,,,,,,,,,,,,,,,,,,,,,,,,,,,,,,,,,,,,,,,,,,,,,,,,,,,,,,,,,,,,,,,,,,,,,,,,,,,,,,,,,,,,,,,,,,,,,,,,,,,,,,,,,,,,,,,,,,,,,,,,,,,,,,,,,,,,,,,,,,,,,,,,,,,,,,,,,,,,,,,,,,,,,,,,,,,,,,,,,,,,,,,,,,,,,,,,,,
"""SIGMELTS"": A web portal for electrical conductivity calculations in geosciences","A. Pommier, E. Le-Trong",2011,10.1016/j.cageo.2011.01.002,silicate melt,silicate melt,empirical fit,"a exp(-b/kT), but more complicated. See notes",sigmelts_lowwater+sigmelts_lowwater+sigmelts_lowwater,SigPomm2011,sigmelts_11_melt_a,full fit,composite,1,0.001,2,1073,1673,1,10,5,40,80,60,,,,,,,0,6,,multiple,wtpct,,,,,,isotropic,Lots of adjustments needed to work with eV and non-log standards,6.6744E+03,,enthalpy-standard-state,7.09E-15,,na2o1,5.73E-21,,na2o2,4.0420E-20,,na2o3,-1.08426E+03,,na2o4,2.07088E+04,,activation volume,-1.0000E+03,,enthalpy_water,2.81072E+01,,sigma_c,-3.0953E-01,,sigma_sio2,4.0354E-04,,sigma_T,1.6783E-03,,sigma_P,1.1891E-01,,sigma_ln_water,-1.0946E+00,,sigma_na2o,-2.1620E-01,,sigma_water,-0.92,,enthalpy_mult,6.6744E+03,,enthalpy-standard-state,7.09E-15,,na2o1,5.73E-21,,na2o2,4.0420E-20,,na2o3,-1.08E+03,,na2o4,2.07E+04,,activation volume,-1.00E+03,,enthalpy_water,2.81E+01,,sigma_c,-3.0953E-01,,sigma_sio2,4.0354E-04,,sigma_T,1.6783E-03,,sigma_P,1.1891E-01,,sigma_ln_water,-1.0946E+00,,sigma_na2o,-2.1620E-01,,sigma_water,-0.92,,enthalpy_mult,0,,lower_silica,50,,upper_silica,6.6744E+03,,enthalpy-standard-state,7.09E-15,,na2o1,5.73E-21,,na2o2,4.0420E-20,,na2o3,-1084.26,,na2o4,20708.80,,activation volume,-1000.00,,enthalpy_water,28.11,,sigma_c,-3.0953E-01,,sigma_sio2,4.0354E-04,,sigma_T,1.6783E-03,,sigma_P,1.1891E-01,,sigma_log_water,-1.09,,sigma_na2o,-2.1620E-01,,sigma_water,-0.92,,enthalpy_mult,6.6744E+03,,enthalpy-standard-state,7.09E-15,,na2o1,5.73E-21,,na2o2,4.0420E-20,,na2o3,-1084.26,,na2o4,20708.80,,activation volume,-1000.00,,enthalpy_water,17.85,,sigma_c,-5.2184E-02,,sigma_sio2,-1.1716E-03,,sigma_T,1.0093E-03,,sigma_P,8.7460E-02,,sigma_ln_water,-7.07E-01,,sigma_na2o,-4.3309E-01,,sigma_water,-0.92,,enthalpy_mult,50,,lower_silica,70,,upper_silica,6.6744E+03,,enthalpy-standard-state,7.09E-15,,na2o1,5.73E-21,,na2o2,4.0420E-20,,na2o3,-1084.26,,na2o4,20708.80,,activation volume,-1000.00,,enthalpy_water,-19.09,,sigma_c,4.8973E-01,,sigma_sio2,-3.5539E-03,,sigma_T,1.3061E-03,,sigma_P,2.9088E-01,,sigma_ln_water,0.00E+00,,sigma_na2o,-5.1247E-01,,sigma_water,-1.14,,enthalpy_mult,70,,lower_silica,100,,upper_silica
"""SIGMELTS"": A web portal for electrical conductivity calculations in geosciences","A. Pommier, E. Le-Trong",2011,10.1016/j.cageo.2011.01.002,silicate melt,hydrous silicate melt,empirical fit,(exp(a*ln(Cw) + b) * exp(-(c*ln(Cw) +d + e*P)/kT),sigmelts_highwater,SigPomm2011,sigmelts_11_melt_b,full fit,composite,1,0.001,2,1073,1673,1,10,5,40,80,60,,,,,,,6,30,,multiple,wtpct,,,,,,isotropic,Lots of adjustments needed to work with eV and non-log standards,4.0000E+03,,preexp,-7.89E+01,,ln water_preexp,6.4132E+04,,enthalpy,-2.9250E+03,,ln_water_enthalpy,2.00000E+04,,activation volume,,,,,,,,,,,,,,,,,,,,,,,,,,,,,,,,,,,,,,,,,,,,,,,,,,,,,,,,,,,,,,,,,,,,,,,,,,,,,,,,,,,,,,,,,,,,,,,,,,,,,,,,,,,,,,,,,,,,,,,,,,,,,,,,,,,,,,,,,,,,,,,,,,,,,,,,,,,,,,,,,,,,,,,,,,,,,,,,,,,,,,,,,,,,,,,,,,,,,,,,,,,,,,,,,,,,,,,,,,,,,,,,,,,,